FS;Year;Month;Land;Unit;Source
Abruzzo_DRB;2013;1;0.00762;tons;File MBL2 SOL.xlsx
Abruzzo_DRB;2013;4;0.00707;tons;File MBL2 SOL.xlsx
Abruzzo_DRB;2013;10;0.00359;tons;File MBL2 SOL.xlsx
Abruzzo_DRB;2013;12;0.05204;tons;File MBL2 SOL.xlsx
Abruzzo_DRB;2014;1;0.00689;tons;File MBL2 SOL.xlsx
Abruzzo_DRB;2015;7;0.00538;tons;File MBL2 SOL.xlsx
Abruzzo_DRB;2015;8;0.00763;tons;File MBL2 SOL.xlsx
Abruzzo_DRB;2017;2;0.028;tons;File MBL2 SOL.xlsx
Abruzzo_DRB;2017;10;0.036;tons;File MBL2 SOL.xlsx
Abruzzo_DRB;2017;11;0.048;tons;File MBL2 SOL.xlsx
Abruzzo_DRB;2018;2;0.0025;tons;File MBL2 SOL.xlsx
Abruzzo_DTS;2005;1;1.02542;tons;File MBL2 SOL.xlsx
Abruzzo_DTS;2005;2;1.03532;tons;File MBL2 SOL.xlsx
Abruzzo_DTS;2005;3;1.59583;tons;File MBL2 SOL.xlsx
Abruzzo_DTS;2005;4;1.11621;tons;File MBL2 SOL.xlsx
Abruzzo_DTS;2005;5;2.03441;tons;File MBL2 SOL.xlsx
Abruzzo_DTS;2005;6;2.81168;tons;File MBL2 SOL.xlsx
Abruzzo_DTS;2005;7;3.23162;tons;File MBL2 SOL.xlsx
Abruzzo_DTS;2005;8;2.47894;tons;File MBL2 SOL.xlsx
Abruzzo_DTS;2005;9;1.056;tons;File MBL2 SOL.xlsx
Abruzzo_DTS;2005;10;2.97866;tons;File MBL2 SOL.xlsx
Abruzzo_DTS;2005;11;2.96236;tons;File MBL2 SOL.xlsx
Abruzzo_DTS;2005;12;4.23417;tons;File MBL2 SOL.xlsx
Abruzzo_DTS;2006;1;3.60271;tons;File MBL2 SOL.xlsx
Abruzzo_DTS;2006;2;3.64351;tons;File MBL2 SOL.xlsx
Abruzzo_DTS;2006;3;2.63467;tons;File MBL2 SOL.xlsx
Abruzzo_DTS;2006;4;4.06539;tons;File MBL2 SOL.xlsx
Abruzzo_DTS;2006;5;8.08207;tons;File MBL2 SOL.xlsx
Abruzzo_DTS;2006;6;6.02435;tons;File MBL2 SOL.xlsx
Abruzzo_DTS;2006;7;5.7315;tons;File MBL2 SOL.xlsx
Abruzzo_DTS;2006;8;1.69912;tons;File MBL2 SOL.xlsx
Abruzzo_DTS;2006;9;4.8868;tons;File MBL2 SOL.xlsx
Abruzzo_DTS;2006;10;7.15024;tons;File MBL2 SOL.xlsx
Abruzzo_DTS;2006;11;4.6593;tons;File MBL2 SOL.xlsx
Abruzzo_DTS;2006;12;2.87616;tons;File MBL2 SOL.xlsx
Abruzzo_DTS;2007;1;1.91905;tons;File MBL2 SOL.xlsx
Abruzzo_DTS;2007;2;3.98395;tons;File MBL2 SOL.xlsx
Abruzzo_DTS;2007;3;3.23181;tons;File MBL2 SOL.xlsx
Abruzzo_DTS;2007;4;2.38116;tons;File MBL2 SOL.xlsx
Abruzzo_DTS;2007;5;2.96377;tons;File MBL2 SOL.xlsx
Abruzzo_DTS;2007;6;4.03482;tons;File MBL2 SOL.xlsx
Abruzzo_DTS;2007;7;4.41284;tons;File MBL2 SOL.xlsx
Abruzzo_DTS;2007;8;1.36488;tons;File MBL2 SOL.xlsx
Abruzzo_DTS;2007;9;2.8714;tons;File MBL2 SOL.xlsx
Abruzzo_DTS;2007;10;2.67711;tons;File MBL2 SOL.xlsx
Abruzzo_DTS;2007;11;2.5377;tons;File MBL2 SOL.xlsx
Abruzzo_DTS;2007;12;1.47372;tons;File MBL2 SOL.xlsx
Abruzzo_DTS;2008;1;1.74668;tons;File MBL2 SOL.xlsx
Abruzzo_DTS;2008;2;2.05818;tons;File MBL2 SOL.xlsx
Abruzzo_DTS;2008;3;1.41717;tons;File MBL2 SOL.xlsx
Abruzzo_DTS;2008;4;1.23253;tons;File MBL2 SOL.xlsx
Abruzzo_DTS;2008;5;1.38202;tons;File MBL2 SOL.xlsx
Abruzzo_DTS;2008;6;0.69032;tons;File MBL2 SOL.xlsx
Abruzzo_DTS;2008;7;2.0551;tons;File MBL2 SOL.xlsx
Abruzzo_DTS;2008;9;1.63204;tons;File MBL2 SOL.xlsx
Abruzzo_DTS;2008;10;1.26144;tons;File MBL2 SOL.xlsx
Abruzzo_DTS;2008;11;1.38659;tons;File MBL2 SOL.xlsx
Abruzzo_DTS;2008;12;1.53219;tons;File MBL2 SOL.xlsx
Abruzzo_DTS;2009;1;1.86755;tons;File MBL2 SOL.xlsx
Abruzzo_DTS;2009;2;2.64711;tons;File MBL2 SOL.xlsx
Abruzzo_DTS;2009;3;2.52416;tons;File MBL2 SOL.xlsx
Abruzzo_DTS;2009;4;1.73042;tons;File MBL2 SOL.xlsx
Abruzzo_DTS;2009;5;1.86224;tons;File MBL2 SOL.xlsx
Abruzzo_DTS;2009;6;3.33466;tons;File MBL2 SOL.xlsx
Abruzzo_DTS;2009;7;3.7894;tons;File MBL2 SOL.xlsx
Abruzzo_DTS;2009;8;2.66358;tons;File MBL2 SOL.xlsx
Abruzzo_DTS;2009;9;2.94742;tons;File MBL2 SOL.xlsx
Abruzzo_DTS;2009;10;2.21402;tons;File MBL2 SOL.xlsx
Abruzzo_DTS;2009;11;2.46122;tons;File MBL2 SOL.xlsx
Abruzzo_DTS;2009;12;0.51367;tons;File MBL2 SOL.xlsx
Abruzzo_DTS;2010;1;1.17788;tons;File MBL2 SOL.xlsx
Abruzzo_DTS;2010;2;0.79632;tons;File MBL2 SOL.xlsx
Abruzzo_DTS;2010;3;0.66651;tons;File MBL2 SOL.xlsx
Abruzzo_DTS;2010;4;0.925;tons;File MBL2 SOL.xlsx
Abruzzo_DTS;2010;5;1.13027;tons;File MBL2 SOL.xlsx
Abruzzo_DTS;2010;6;1.93375;tons;File MBL2 SOL.xlsx
Abruzzo_DTS;2010;7;3.46082;tons;File MBL2 SOL.xlsx
Abruzzo_DTS;2010;8;2.99296;tons;File MBL2 SOL.xlsx
Abruzzo_DTS;2010;9;0.52017;tons;File MBL2 SOL.xlsx
Abruzzo_DTS;2010;10;2.27021;tons;File MBL2 SOL.xlsx
Abruzzo_DTS;2010;11;2.44515;tons;File MBL2 SOL.xlsx
Abruzzo_DTS;2010;12;2.44656;tons;File MBL2 SOL.xlsx
Abruzzo_DTS;2011;1;1.13595;tons;File MBL2 SOL.xlsx
Abruzzo_DTS;2011;2;0.95794;tons;File MBL2 SOL.xlsx
Abruzzo_DTS;2011;3;1.10779;tons;File MBL2 SOL.xlsx
Abruzzo_DTS;2011;4;1.66484;tons;File MBL2 SOL.xlsx
Abruzzo_DTS;2011;5;2.12393;tons;File MBL2 SOL.xlsx
Abruzzo_DTS;2011;6;1.27457;tons;File MBL2 SOL.xlsx
Abruzzo_DTS;2011;7;1.86997;tons;File MBL2 SOL.xlsx
Abruzzo_DTS;2011;10;3.00534;tons;File MBL2 SOL.xlsx
Abruzzo_DTS;2011;11;2.34727;tons;File MBL2 SOL.xlsx
Abruzzo_DTS;2011;12;4.10972;tons;File MBL2 SOL.xlsx
Abruzzo_DTS;2012;1;1.87746;tons;File MBL2 SOL.xlsx
Abruzzo_DTS;2012;2;3.27912;tons;File MBL2 SOL.xlsx
Abruzzo_DTS;2012;3;8.95629;tons;File MBL2 SOL.xlsx
Abruzzo_DTS;2012;4;8.82637;tons;File MBL2 SOL.xlsx
Abruzzo_DTS;2012;5;7.89907;tons;File MBL2 SOL.xlsx
Abruzzo_DTS;2012;6;4.53886;tons;File MBL2 SOL.xlsx
Abruzzo_DTS;2012;7;2.79071;tons;File MBL2 SOL.xlsx
Abruzzo_DTS;2012;8;0.16607;tons;File MBL2 SOL.xlsx
Abruzzo_DTS;2012;9;0.53952;tons;File MBL2 SOL.xlsx
Abruzzo_DTS;2012;10;0.8353;tons;File MBL2 SOL.xlsx
Abruzzo_DTS;2012;11;1.48332;tons;File MBL2 SOL.xlsx
Abruzzo_DTS;2012;12;1.15623;tons;File MBL2 SOL.xlsx
Abruzzo_DTS;2013;1;0.48753;tons;File MBL2 SOL.xlsx
Abruzzo_DTS;2013;2;0.32687;tons;File MBL2 SOL.xlsx
Abruzzo_DTS;2013;3;0.34992;tons;File MBL2 SOL.xlsx
Abruzzo_DTS;2013;4;0.17995;tons;File MBL2 SOL.xlsx
Abruzzo_DTS;2013;5;0.3319;tons;File MBL2 SOL.xlsx
Abruzzo_DTS;2013;6;0.77165;tons;File MBL2 SOL.xlsx
Abruzzo_DTS;2013;7;0.44849;tons;File MBL2 SOL.xlsx
Abruzzo_DTS;2013;8;0.01163;tons;File MBL2 SOL.xlsx
Abruzzo_DTS;2013;9;0.21822;tons;File MBL2 SOL.xlsx
Abruzzo_DTS;2013;10;0.66093;tons;File MBL2 SOL.xlsx
Abruzzo_DTS;2013;11;0.4468;tons;File MBL2 SOL.xlsx
Abruzzo_DTS;2013;12;1.21803;tons;File MBL2 SOL.xlsx
Abruzzo_DTS;2014;1;7.39227;tons;File MBL2 SOL.xlsx
Abruzzo_DTS;2014;2;2.91947;tons;File MBL2 SOL.xlsx
Abruzzo_DTS;2014;3;9.77959;tons;File MBL2 SOL.xlsx
Abruzzo_DTS;2014;4;9.56849;tons;File MBL2 SOL.xlsx
Abruzzo_DTS;2014;5;13.60743;tons;File MBL2 SOL.xlsx
Abruzzo_DTS;2014;6;13.72954;tons;File MBL2 SOL.xlsx
Abruzzo_DTS;2014;7;10.7265;tons;File MBL2 SOL.xlsx
Abruzzo_DTS;2014;8;1.83643;tons;File MBL2 SOL.xlsx
Abruzzo_DTS;2014;9;4.61697;tons;File MBL2 SOL.xlsx
Abruzzo_DTS;2014;10;9.45845;tons;File MBL2 SOL.xlsx
Abruzzo_DTS;2014;11;8.59584;tons;File MBL2 SOL.xlsx
Abruzzo_DTS;2014;12;6.75965;tons;File MBL2 SOL.xlsx
Abruzzo_DTS;2015;1;5.58262;tons;File MBL2 SOL.xlsx
Abruzzo_DTS;2015;2;3.62704;tons;File MBL2 SOL.xlsx
Abruzzo_DTS;2015;3;1.64214;tons;File MBL2 SOL.xlsx
Abruzzo_DTS;2015;4;2.22224;tons;File MBL2 SOL.xlsx
Abruzzo_DTS;2015;5;2.49144;tons;File MBL2 SOL.xlsx
Abruzzo_DTS;2015;6;3.11477;tons;File MBL2 SOL.xlsx
Abruzzo_DTS;2015;7;2.71534;tons;File MBL2 SOL.xlsx
Abruzzo_DTS;2015;8;7.7099;tons;File MBL2 SOL.xlsx
Abruzzo_DTS;2015;9;0.27245;tons;File MBL2 SOL.xlsx
Abruzzo_DTS;2015;10;2.91516;tons;File MBL2 SOL.xlsx
Abruzzo_DTS;2015;11;6.12902;tons;File MBL2 SOL.xlsx
Abruzzo_DTS;2015;12;7.12203;tons;File MBL2 SOL.xlsx
Abruzzo_DTS;2016;1;1.67642;tons;File MBL2 SOL.xlsx
Abruzzo_DTS;2016;2;0.487;tons;File MBL2 SOL.xlsx
Abruzzo_DTS;2016;3;0.48366;tons;File MBL2 SOL.xlsx
Abruzzo_DTS;2016;4;0.66041;tons;File MBL2 SOL.xlsx
Abruzzo_DTS;2016;5;0.70693;tons;File MBL2 SOL.xlsx
Abruzzo_DTS;2016;6;5.97472;tons;File MBL2 SOL.xlsx
Abruzzo_DTS;2016;7;4.3679;tons;File MBL2 SOL.xlsx
Abruzzo_DTS;2016;8;6.84002;tons;File MBL2 SOL.xlsx
Abruzzo_DTS;2016;9;0.69549;tons;File MBL2 SOL.xlsx
Abruzzo_DTS;2016;10;2.18838;tons;File MBL2 SOL.xlsx
Abruzzo_DTS;2016;11;4.55889;tons;File MBL2 SOL.xlsx
Abruzzo_DTS;2016;12;5.85357;tons;File MBL2 SOL.xlsx
Abruzzo_DTS;2017;1;2.35539;tons;File MBL2 SOL.xlsx
Abruzzo_DTS;2017;2;5.25137;tons;File MBL2 SOL.xlsx
Abruzzo_DTS;2017;3;6.44763;tons;File MBL2 SOL.xlsx
Abruzzo_DTS;2017;4;6.07881;tons;File MBL2 SOL.xlsx
Abruzzo_DTS;2017;5;4.18871;tons;File MBL2 SOL.xlsx
Abruzzo_DTS;2017;6;4.24203;tons;File MBL2 SOL.xlsx
Abruzzo_DTS;2017;7;2.99071;tons;File MBL2 SOL.xlsx
Abruzzo_DTS;2017;8;0.90961;tons;File MBL2 SOL.xlsx
Abruzzo_DTS;2017;9;2.75868;tons;File MBL2 SOL.xlsx
Abruzzo_DTS;2017;10;10.05365;tons;File MBL2 SOL.xlsx
Abruzzo_DTS;2017;11;15.32865;tons;File MBL2 SOL.xlsx
Abruzzo_DTS;2017;12;10.53032;tons;File MBL2 SOL.xlsx
Abruzzo_DTS;2018;1;7.24639;tons;File MBL2 SOL.xlsx
Abruzzo_DTS;2018;2;9.35499;tons;File MBL2 SOL.xlsx
Abruzzo_DTS;2018;3;8.50946;tons;File MBL2 SOL.xlsx
Abruzzo_DTS;2018;4;6.61471;tons;File MBL2 SOL.xlsx
Abruzzo_DTS;2018;5;6.97883;tons;File MBL2 SOL.xlsx
Abruzzo_DTS;2018;6;6.88299;tons;File MBL2 SOL.xlsx
Abruzzo_DTS;2018;7;4.67735;tons;File MBL2 SOL.xlsx
Abruzzo_DTS;2018;8;3.78633;tons;File MBL2 SOL.xlsx
Abruzzo_DTS;2018;9;1.07796;tons;File MBL2 SOL.xlsx
Abruzzo_DTS;2018;10;5.07461;tons;File MBL2 SOL.xlsx
Abruzzo_DTS;2018;11;6.28796;tons;File MBL2 SOL.xlsx
Abruzzo_DTS;2018;12;3.30391;tons;File MBL2 SOL.xlsx
Abruzzo_PGP;2005;1;6.44295;tons;File MBL2 SOL.xlsx
Abruzzo_PGP;2005;2;1.51718;tons;File MBL2 SOL.xlsx
Abruzzo_PGP;2005;3;1.47396;tons;File MBL2 SOL.xlsx
Abruzzo_PGP;2005;4;3.81742;tons;File MBL2 SOL.xlsx
Abruzzo_PGP;2005;5;5.22799;tons;File MBL2 SOL.xlsx
Abruzzo_PGP;2005;6;9.94532;tons;File MBL2 SOL.xlsx
Abruzzo_PGP;2005;7;22.84059;tons;File MBL2 SOL.xlsx
Abruzzo_PGP;2005;8;29.52278;tons;File MBL2 SOL.xlsx
Abruzzo_PGP;2005;9;15.90603;tons;File MBL2 SOL.xlsx
Abruzzo_PGP;2005;10;6.9335;tons;File MBL2 SOL.xlsx
Abruzzo_PGP;2005;11;2.1926;tons;File MBL2 SOL.xlsx
Abruzzo_PGP;2005;12;4.05115;tons;File MBL2 SOL.xlsx
Abruzzo_PGP;2006;1;5.70749;tons;File MBL2 SOL.xlsx
Abruzzo_PGP;2006;2;5.07939;tons;File MBL2 SOL.xlsx
Abruzzo_PGP;2006;3;3.81821;tons;File MBL2 SOL.xlsx
Abruzzo_PGP;2006;4;5.61728;tons;File MBL2 SOL.xlsx
Abruzzo_PGP;2006;5;10.44857;tons;File MBL2 SOL.xlsx
Abruzzo_PGP;2006;6;10.04292;tons;File MBL2 SOL.xlsx
Abruzzo_PGP;2006;7;19.29207;tons;File MBL2 SOL.xlsx
Abruzzo_PGP;2006;8;9.54138;tons;File MBL2 SOL.xlsx
Abruzzo_PGP;2006;9;10.18704;tons;File MBL2 SOL.xlsx
Abruzzo_PGP;2006;10;6.25486;tons;File MBL2 SOL.xlsx
Abruzzo_PGP;2006;11;0.47401;tons;File MBL2 SOL.xlsx
Abruzzo_PGP;2006;12;0.07994;tons;File MBL2 SOL.xlsx
Abruzzo_PGP;2007;5;1.63511;tons;File MBL2 SOL.xlsx
Abruzzo_PGP;2007;6;4.01384;tons;File MBL2 SOL.xlsx
Abruzzo_PGP;2007;7;4.92542;tons;File MBL2 SOL.xlsx
Abruzzo_PGP;2007;8;2.92384;tons;File MBL2 SOL.xlsx
Abruzzo_PGP;2007;9;2.23883;tons;File MBL2 SOL.xlsx
Abruzzo_PGP;2007;10;2.65704;tons;File MBL2 SOL.xlsx
Abruzzo_PGP;2007;11;2.31627;tons;File MBL2 SOL.xlsx
Abruzzo_PGP;2007;12;0.68389;tons;File MBL2 SOL.xlsx
Abruzzo_PGP;2008;1;0.713;tons;File MBL2 SOL.xlsx
Abruzzo_PGP;2008;2;3.22363;tons;File MBL2 SOL.xlsx
Abruzzo_PGP;2008;3;2.74456;tons;File MBL2 SOL.xlsx
Abruzzo_PGP;2008;4;2.05429;tons;File MBL2 SOL.xlsx
Abruzzo_PGP;2008;5;1.3964;tons;File MBL2 SOL.xlsx
Abruzzo_PGP;2008;6;3.65755;tons;File MBL2 SOL.xlsx
Abruzzo_PGP;2008;7;9.51097;tons;File MBL2 SOL.xlsx
Abruzzo_PGP;2008;8;7.79671;tons;File MBL2 SOL.xlsx
Abruzzo_PGP;2008;9;4.96818;tons;File MBL2 SOL.xlsx
Abruzzo_PGP;2008;10;3.21588;tons;File MBL2 SOL.xlsx
Abruzzo_PGP;2008;11;2.59322;tons;File MBL2 SOL.xlsx
Abruzzo_PGP;2008;12;2.90028;tons;File MBL2 SOL.xlsx
Abruzzo_PGP;2009;1;0.17656;tons;File MBL2 SOL.xlsx
Abruzzo_PGP;2009;2;1.60661;tons;File MBL2 SOL.xlsx
Abruzzo_PGP;2009;3;2.21413;tons;File MBL2 SOL.xlsx
Abruzzo_PGP;2009;4;1.09121;tons;File MBL2 SOL.xlsx
Abruzzo_PGP;2009;5;1.95514;tons;File MBL2 SOL.xlsx
Abruzzo_PGP;2009;6;4.49216;tons;File MBL2 SOL.xlsx
Abruzzo_PGP;2009;7;6.84294;tons;File MBL2 SOL.xlsx
Abruzzo_PGP;2009;8;1.16119;tons;File MBL2 SOL.xlsx
Abruzzo_PGP;2009;9;0.80054;tons;File MBL2 SOL.xlsx
Abruzzo_PGP;2009;10;1.14089;tons;File MBL2 SOL.xlsx
Abruzzo_PGP;2009;11;0.14218;tons;File MBL2 SOL.xlsx
Abruzzo_PGP;2009;12;0.12516;tons;File MBL2 SOL.xlsx
Abruzzo_PGP;2010;1;0.48371;tons;File MBL2 SOL.xlsx
Abruzzo_PGP;2010;2;0.94047;tons;File MBL2 SOL.xlsx
Abruzzo_PGP;2010;3;0.72021;tons;File MBL2 SOL.xlsx
Abruzzo_PGP;2010;4;0.69915;tons;File MBL2 SOL.xlsx
Abruzzo_PGP;2010;5;0.57267;tons;File MBL2 SOL.xlsx
Abruzzo_PGP;2010;6;1.38678;tons;File MBL2 SOL.xlsx
Abruzzo_PGP;2010;7;6.67562;tons;File MBL2 SOL.xlsx
Abruzzo_PGP;2010;8;12.60396;tons;File MBL2 SOL.xlsx
Abruzzo_PGP;2010;9;6.85442;tons;File MBL2 SOL.xlsx
Abruzzo_PGP;2010;10;4.70408;tons;File MBL2 SOL.xlsx
Abruzzo_PGP;2010;11;0.57957;tons;File MBL2 SOL.xlsx
Abruzzo_PGP;2010;12;2.12418;tons;File MBL2 SOL.xlsx
Abruzzo_PGP;2011;1;3.6721;tons;File MBL2 SOL.xlsx
Abruzzo_PGP;2011;2;6.08061;tons;File MBL2 SOL.xlsx
Abruzzo_PGP;2011;3;5.30577;tons;File MBL2 SOL.xlsx
Abruzzo_PGP;2011;4;4.46091;tons;File MBL2 SOL.xlsx
Abruzzo_PGP;2011;5;28.80467;tons;File MBL2 SOL.xlsx
Abruzzo_PGP;2011;6;25.05113;tons;File MBL2 SOL.xlsx
Abruzzo_PGP;2011;7;3.89734;tons;File MBL2 SOL.xlsx
Abruzzo_PGP;2011;8;12.37096;tons;File MBL2 SOL.xlsx
Abruzzo_PGP;2011;9;3.41556;tons;File MBL2 SOL.xlsx
Abruzzo_PGP;2011;10;6.18507;tons;File MBL2 SOL.xlsx
Abruzzo_PGP;2011;11;12.03231;tons;File MBL2 SOL.xlsx
Abruzzo_PGP;2011;12;10.91412;tons;File MBL2 SOL.xlsx
Abruzzo_PGP;2012;1;0.63803;tons;File MBL2 SOL.xlsx
Abruzzo_PGP;2012;2;0.85597;tons;File MBL2 SOL.xlsx
Abruzzo_PGP;2012;3;1.45078;tons;File MBL2 SOL.xlsx
Abruzzo_PGP;2012;4;4.04992;tons;File MBL2 SOL.xlsx
Abruzzo_PGP;2012;5;3.75973;tons;File MBL2 SOL.xlsx
Abruzzo_PGP;2012;6;7.26505;tons;File MBL2 SOL.xlsx
Abruzzo_PGP;2012;7;6.87652;tons;File MBL2 SOL.xlsx
Abruzzo_PGP;2012;8;6.88471;tons;File MBL2 SOL.xlsx
Abruzzo_PGP;2012;9;2.23439;tons;File MBL2 SOL.xlsx
Abruzzo_PGP;2012;10;1.05603;tons;File MBL2 SOL.xlsx
Abruzzo_PGP;2012;11;2.46091;tons;File MBL2 SOL.xlsx
Abruzzo_PGP;2012;12;3.23917;tons;File MBL2 SOL.xlsx
Abruzzo_PGP;2013;1;0.33712;tons;File MBL2 SOL.xlsx
Abruzzo_PGP;2013;2;0.37497;tons;File MBL2 SOL.xlsx
Abruzzo_PGP;2013;3;1.05883;tons;File MBL2 SOL.xlsx
Abruzzo_PGP;2013;4;0.31434;tons;File MBL2 SOL.xlsx
Abruzzo_PGP;2013;5;0.74367;tons;File MBL2 SOL.xlsx
Abruzzo_PGP;2013;6;0.26494;tons;File MBL2 SOL.xlsx
Abruzzo_PGP;2013;7;1.84499;tons;File MBL2 SOL.xlsx
Abruzzo_PGP;2013;8;0.77863;tons;File MBL2 SOL.xlsx
Abruzzo_PGP;2013;9;3.43114;tons;File MBL2 SOL.xlsx
Abruzzo_PGP;2013;10;1.2606;tons;File MBL2 SOL.xlsx
Abruzzo_PGP;2013;11;3.12441;tons;File MBL2 SOL.xlsx
Abruzzo_PGP;2013;12;4.09535;tons;File MBL2 SOL.xlsx
Abruzzo_PGP;2014;1;0.21628;tons;File MBL2 SOL.xlsx
Abruzzo_PGP;2014;2;0.27039;tons;File MBL2 SOL.xlsx
Abruzzo_PGP;2014;3;0.61868;tons;File MBL2 SOL.xlsx
Abruzzo_PGP;2014;4;0.82412;tons;File MBL2 SOL.xlsx
Abruzzo_PGP;2014;5;2.68325;tons;File MBL2 SOL.xlsx
Abruzzo_PGP;2014;6;2.24233;tons;File MBL2 SOL.xlsx
Abruzzo_PGP;2014;7;2.54728;tons;File MBL2 SOL.xlsx
Abruzzo_PGP;2014;8;8.51653;tons;File MBL2 SOL.xlsx
Abruzzo_PGP;2014;9;5.45023;tons;File MBL2 SOL.xlsx
Abruzzo_PGP;2014;10;8.30863;tons;File MBL2 SOL.xlsx
Abruzzo_PGP;2014;11;3.34774;tons;File MBL2 SOL.xlsx
Abruzzo_PGP;2014;12;2.90819;tons;File MBL2 SOL.xlsx
Abruzzo_PGP;2015;1;0.29543;tons;File MBL2 SOL.xlsx
Abruzzo_PGP;2015;3;0.14581;tons;File MBL2 SOL.xlsx
Abruzzo_PGP;2015;4;1.18386;tons;File MBL2 SOL.xlsx
Abruzzo_PGP;2015;5;0.37485;tons;File MBL2 SOL.xlsx
Abruzzo_PGP;2015;6;0.66936;tons;File MBL2 SOL.xlsx
Abruzzo_PGP;2015;7;1.43417;tons;File MBL2 SOL.xlsx
Abruzzo_PGP;2015;8;3.25903;tons;File MBL2 SOL.xlsx
Abruzzo_PGP;2015;9;1.13934;tons;File MBL2 SOL.xlsx
Abruzzo_PGP;2015;10;2.50097;tons;File MBL2 SOL.xlsx
Abruzzo_PGP;2015;11;1.36391;tons;File MBL2 SOL.xlsx
Abruzzo_PGP;2015;12;0.25102;tons;File MBL2 SOL.xlsx
Abruzzo_PGP;2016;1;0.17338;tons;File MBL2 SOL.xlsx
Abruzzo_PGP;2016;2;0.30755;tons;File MBL2 SOL.xlsx
Abruzzo_PGP;2016;3;0.24058;tons;File MBL2 SOL.xlsx
Abruzzo_PGP;2016;4;0.78;tons;File MBL2 SOL.xlsx
Abruzzo_PGP;2016;5;1.0673;tons;File MBL2 SOL.xlsx
Abruzzo_PGP;2016;6;1.77595;tons;File MBL2 SOL.xlsx
Abruzzo_PGP;2016;7;3.4546;tons;File MBL2 SOL.xlsx
Abruzzo_PGP;2016;8;1.78236;tons;File MBL2 SOL.xlsx
Abruzzo_PGP;2016;9;1.75495;tons;File MBL2 SOL.xlsx
Abruzzo_PGP;2016;10;2.51414;tons;File MBL2 SOL.xlsx
Abruzzo_PGP;2016;11;1.11929;tons;File MBL2 SOL.xlsx
Abruzzo_PGP;2016;12;0.378;tons;File MBL2 SOL.xlsx
Abruzzo_PGP;2017;1;1.40943;tons;File MBL2 SOL.xlsx
Abruzzo_PGP;2017;2;0.07838;tons;File MBL2 SOL.xlsx
Abruzzo_PGP;2017;3;1.50507;tons;File MBL2 SOL.xlsx
Abruzzo_PGP;2017;4;1.08267;tons;File MBL2 SOL.xlsx
Abruzzo_PGP;2017;5;1.37664;tons;File MBL2 SOL.xlsx
Abruzzo_PGP;2017;6;1.80219;tons;File MBL2 SOL.xlsx
Abruzzo_PGP;2017;7;2.94617;tons;File MBL2 SOL.xlsx
Abruzzo_PGP;2017;8;5.60307;tons;File MBL2 SOL.xlsx
Abruzzo_PGP;2017;9;1.31587;tons;File MBL2 SOL.xlsx
Abruzzo_PGP;2017;10;1.77201;tons;File MBL2 SOL.xlsx
Abruzzo_PGP;2017;11;1.91569;tons;File MBL2 SOL.xlsx
Abruzzo_PGP;2017;12;0.47209;tons;File MBL2 SOL.xlsx
Abruzzo_PGP;2018;1;0.79696;tons;File MBL2 SOL.xlsx
Abruzzo_PGP;2018;4;0.01741;tons;File MBL2 SOL.xlsx
Abruzzo_PGP;2018;5;0.26256;tons;File MBL2 SOL.xlsx
Abruzzo_PGP;2018;6;0.86342;tons;File MBL2 SOL.xlsx
Abruzzo_PGP;2018;7;1.86664;tons;File MBL2 SOL.xlsx
Abruzzo_PGP;2018;8;2.50158;tons;File MBL2 SOL.xlsx
Abruzzo_PGP;2018;9;1.17455;tons;File MBL2 SOL.xlsx
Abruzzo_PGP;2018;10;1.83118;tons;File MBL2 SOL.xlsx
Abruzzo_PGP;2018;11;1.24739;tons;File MBL2 SOL.xlsx
Abruzzo_PGP;2018;12;1.05115;tons;File MBL2 SOL.xlsx
Abruzzo_PS;2005;3;3.29689;tons;File MBL2 SOL.xlsx
Abruzzo_PS;2005;9;0.10438;tons;File MBL2 SOL.xlsx
Abruzzo_PS;2005;11;0.01541;tons;File MBL2 SOL.xlsx
Abruzzo_TBB;2005;3;2.06441;tons;File MBL2 SOL.xlsx
Abruzzo_TBB;2005;4;2.04135;tons;File MBL2 SOL.xlsx
Abruzzo_TBB;2005;5;1.96596;tons;File MBL2 SOL.xlsx
Abruzzo_TBB;2005;6;1.83501;tons;File MBL2 SOL.xlsx
Abruzzo_TBB;2005;7;1.38825;tons;File MBL2 SOL.xlsx
Abruzzo_TBB;2005;8;0.68315;tons;File MBL2 SOL.xlsx
Abruzzo_TBB;2005;9;1.153;tons;File MBL2 SOL.xlsx
Abruzzo_TBB;2005;10;1.55001;tons;File MBL2 SOL.xlsx
Abruzzo_TBB;2005;11;1.54803;tons;File MBL2 SOL.xlsx
Abruzzo_TBB;2005;12;3.44896;tons;File MBL2 SOL.xlsx
Abruzzo_TBB;2006;1;4.04271;tons;File MBL2 SOL.xlsx
Abruzzo_TBB;2006;2;2.90723;tons;File MBL2 SOL.xlsx
Abruzzo_TBB;2006;3;3.22325;tons;File MBL2 SOL.xlsx
Abruzzo_TBB;2006;4;5.40366;tons;File MBL2 SOL.xlsx
Calabria ionica_DTS;2013;1;0.02672;tons;File MBL2 SOL.xlsx
Calabria ionica_DTS;2013;5;0.01342;tons;File MBL2 SOL.xlsx
Calabria ionica_DTS;2013;6;0.05105;tons;File MBL2 SOL.xlsx
Calabria ionica_DTS;2013;7;0.08055;tons;File MBL2 SOL.xlsx
Calabria ionica_DTS;2013;8;0.07608;tons;File MBL2 SOL.xlsx
Calabria ionica_DTS;2013;9;0.09459;tons;File MBL2 SOL.xlsx
Calabria ionica_DTS;2013;11;0.06053;tons;File MBL2 SOL.xlsx
Calabria ionica_DTS;2013;12;0.0323;tons;File MBL2 SOL.xlsx
Calabria ionica_DTS;2017;1;0.16639;tons;File MBL2 SOL.xlsx
Calabria ionica_DTS;2017;8;0.06169;tons;File MBL2 SOL.xlsx
Calabria ionica_DTS;2017;11;0.06473;tons;File MBL2 SOL.xlsx
Calabria ionica_DTS;2018;3;0.0055;tons;File MBL2 SOL.xlsx
Calabria ionica_DTS;2018;5;0.453;tons;File MBL2 SOL.xlsx
Calabria ionica_DTS;2018;6;0.806;tons;File MBL2 SOL.xlsx
Calabria ionica_DTS;2018;7;0.41779;tons;File MBL2 SOL.xlsx
Calabria ionica_DTS;2018;8;0.0055;tons;File MBL2 SOL.xlsx
Calabria ionica_DTS;2018;10;0.01524;tons;File MBL2 SOL.xlsx
Calabria ionica_DTS;2018;12;0.02505;tons;File MBL2 SOL.xlsx
Calabria ionica_PGP;2005;10;0.65795;tons;File MBL2 SOL.xlsx
Calabria ionica_PGP;2005;11;1.03252;tons;File MBL2 SOL.xlsx
Calabria ionica_PGP;2005;12;0.43252;tons;File MBL2 SOL.xlsx
Calabria ionica_PGP;2013;1;0.53811;tons;File MBL2 SOL.xlsx
Calabria ionica_PGP;2013;3;0.19224;tons;File MBL2 SOL.xlsx
Calabria ionica_PGP;2013;4;0.50736;tons;File MBL2 SOL.xlsx
Calabria ionica_PGP;2013;5;0.21886;tons;File MBL2 SOL.xlsx
Calabria ionica_PGP;2013;6;0.26742;tons;File MBL2 SOL.xlsx
Calabria ionica_PGP;2013;7;1.12339;tons;File MBL2 SOL.xlsx
Calabria ionica_PGP;2013;8;1.28059;tons;File MBL2 SOL.xlsx
Calabria ionica_PGP;2013;9;1.38522;tons;File MBL2 SOL.xlsx
Calabria ionica_PGP;2013;10;1.10242;tons;File MBL2 SOL.xlsx
Calabria ionica_PGP;2013;11;1.24399;tons;File MBL2 SOL.xlsx
Calabria ionica_PGP;2013;12;1.27924;tons;File MBL2 SOL.xlsx
Calabria ionica_PGP;2014;1;0.16883;tons;File MBL2 SOL.xlsx
Calabria ionica_PGP;2014;3;0.17037;tons;File MBL2 SOL.xlsx
Calabria ionica_PGP;2014;6;0.95288;tons;File MBL2 SOL.xlsx
Calabria ionica_PGP;2014;7;0.38593;tons;File MBL2 SOL.xlsx
Calabria ionica_PGP;2014;8;1.08632;tons;File MBL2 SOL.xlsx
Calabria ionica_PGP;2014;9;0.42469;tons;File MBL2 SOL.xlsx
Calabria ionica_PGP;2014;10;0.0227;tons;File MBL2 SOL.xlsx
Calabria ionica_PGP;2015;1;0.07617;tons;File MBL2 SOL.xlsx
Calabria ionica_PGP;2015;2;0.12059;tons;File MBL2 SOL.xlsx
Calabria ionica_PGP;2015;3;0.45527;tons;File MBL2 SOL.xlsx
Calabria ionica_PGP;2015;5;0.24395;tons;File MBL2 SOL.xlsx
Calabria ionica_PGP;2015;6;0.63876;tons;File MBL2 SOL.xlsx
Calabria ionica_PGP;2015;7;0.71204;tons;File MBL2 SOL.xlsx
Calabria ionica_PGP;2015;8;0.64761;tons;File MBL2 SOL.xlsx
Calabria ionica_PGP;2015;9;0.46014;tons;File MBL2 SOL.xlsx
Calabria ionica_PGP;2015;10;0.34083;tons;File MBL2 SOL.xlsx
Calabria ionica_PGP;2015;11;0.30853;tons;File MBL2 SOL.xlsx
Calabria ionica_PGP;2015;12;0.26884;tons;File MBL2 SOL.xlsx
Calabria ionica_PGP;2016;1;0.08442;tons;File MBL2 SOL.xlsx
Calabria ionica_PGP;2016;2;0.05509;tons;File MBL2 SOL.xlsx
Calabria ionica_PGP;2016;3;0.15794;tons;File MBL2 SOL.xlsx
Calabria ionica_PGP;2016;4;0.1428;tons;File MBL2 SOL.xlsx
Calabria ionica_PGP;2016;5;0.21749;tons;File MBL2 SOL.xlsx
Calabria ionica_PGP;2016;6;0.32581;tons;File MBL2 SOL.xlsx
Calabria ionica_PGP;2016;7;0.5445;tons;File MBL2 SOL.xlsx
Calabria ionica_PGP;2016;8;0.28334;tons;File MBL2 SOL.xlsx
Calabria ionica_PGP;2016;9;0.24524;tons;File MBL2 SOL.xlsx
Calabria ionica_PGP;2016;10;0.20116;tons;File MBL2 SOL.xlsx
Calabria ionica_PGP;2016;11;0.22689;tons;File MBL2 SOL.xlsx
Calabria ionica_PGP;2016;12;0.2085;tons;File MBL2 SOL.xlsx
Calabria ionica_PGP;2017;1;0.14549;tons;File MBL2 SOL.xlsx
Calabria ionica_PGP;2017;2;0.27774;tons;File MBL2 SOL.xlsx
Calabria ionica_PGP;2017;3;0.1039;tons;File MBL2 SOL.xlsx
Calabria ionica_PGP;2017;4;0.46079;tons;File MBL2 SOL.xlsx
Calabria ionica_PGP;2017;5;0.34659;tons;File MBL2 SOL.xlsx
Calabria ionica_PGP;2017;6;0.30419;tons;File MBL2 SOL.xlsx
Calabria ionica_PGP;2017;7;0.41631;tons;File MBL2 SOL.xlsx
Calabria ionica_PGP;2017;8;0.43592;tons;File MBL2 SOL.xlsx
Calabria ionica_PGP;2017;9;0.27337;tons;File MBL2 SOL.xlsx
Calabria ionica_PGP;2017;10;0.33677;tons;File MBL2 SOL.xlsx
Calabria ionica_PGP;2017;11;0.18618;tons;File MBL2 SOL.xlsx
Calabria ionica_PGP;2017;12;0.26713;tons;File MBL2 SOL.xlsx
Calabria ionica_PGP;2018;1;0.00924;tons;File MBL2 SOL.xlsx
Calabria ionica_PGP;2018;2;0.03559;tons;File MBL2 SOL.xlsx
Calabria ionica_PGP;2018;3;0.04696;tons;File MBL2 SOL.xlsx
Calabria ionica_PGP;2018;4;0.1997;tons;File MBL2 SOL.xlsx
Calabria ionica_PGP;2018;5;0.58816;tons;File MBL2 SOL.xlsx
Calabria ionica_PGP;2018;6;0.39048;tons;File MBL2 SOL.xlsx
Calabria ionica_PGP;2018;7;0.63503;tons;File MBL2 SOL.xlsx
Calabria ionica_PGP;2018;8;0.54881;tons;File MBL2 SOL.xlsx
Calabria ionica_PGP;2018;9;0.41298;tons;File MBL2 SOL.xlsx
Calabria ionica_PGP;2018;10;0.17017;tons;File MBL2 SOL.xlsx
Calabria ionica_PGP;2018;11;0.27637;tons;File MBL2 SOL.xlsx
Calabria ionica_PGP;2018;12;0.03888;tons;File MBL2 SOL.xlsx
EmiliaRomagna_DRB;2017;6;0.0163;tons;File MBL2 SOL.xlsx
EmiliaRomagna_DRB;2018;6;0.55337;tons;File MBL2 SOL.xlsx
EmiliaRomagna_DRB;2018;9;0.67746;tons;File MBL2 SOL.xlsx
EmiliaRomagna_DRB;2018;10;0.77997;tons;File MBL2 SOL.xlsx
EmiliaRomagna_DRB;2018;11;0.18359;tons;File MBL2 SOL.xlsx
EmiliaRomagna_DTS;2005;3;1.51824;tons;File MBL2 SOL.xlsx
EmiliaRomagna_DTS;2005;4;3.11218;tons;File MBL2 SOL.xlsx
EmiliaRomagna_DTS;2005;5;4.25583;tons;File MBL2 SOL.xlsx
EmiliaRomagna_DTS;2005;6;5.92266;tons;File MBL2 SOL.xlsx
EmiliaRomagna_DTS;2005;7;4.08858;tons;File MBL2 SOL.xlsx
EmiliaRomagna_DTS;2005;9;5.94714;tons;File MBL2 SOL.xlsx
EmiliaRomagna_DTS;2005;10;6.13096;tons;File MBL2 SOL.xlsx
EmiliaRomagna_DTS;2005;11;4.65129;tons;File MBL2 SOL.xlsx
EmiliaRomagna_DTS;2005;12;2.54537;tons;File MBL2 SOL.xlsx
EmiliaRomagna_DTS;2006;1;1.45406;tons;File MBL2 SOL.xlsx
EmiliaRomagna_DTS;2006;2;0.85179;tons;File MBL2 SOL.xlsx
EmiliaRomagna_DTS;2006;3;0.94506;tons;File MBL2 SOL.xlsx
EmiliaRomagna_DTS;2006;4;2.33696;tons;File MBL2 SOL.xlsx
EmiliaRomagna_DTS;2006;5;4.4304;tons;File MBL2 SOL.xlsx
EmiliaRomagna_DTS;2006;6;8.57912;tons;File MBL2 SOL.xlsx
EmiliaRomagna_DTS;2006;7;5.82672;tons;File MBL2 SOL.xlsx
EmiliaRomagna_DTS;2006;8;2.96122;tons;File MBL2 SOL.xlsx
EmiliaRomagna_DTS;2006;9;7.20561;tons;File MBL2 SOL.xlsx
EmiliaRomagna_DTS;2006;10;7.21329;tons;File MBL2 SOL.xlsx
EmiliaRomagna_DTS;2006;11;3.27266;tons;File MBL2 SOL.xlsx
EmiliaRomagna_DTS;2006;12;2.9336;tons;File MBL2 SOL.xlsx
EmiliaRomagna_DTS;2007;1;1.65677;tons;File MBL2 SOL.xlsx
EmiliaRomagna_DTS;2007;2;1.63793;tons;File MBL2 SOL.xlsx
EmiliaRomagna_DTS;2007;3;1.74078;tons;File MBL2 SOL.xlsx
EmiliaRomagna_DTS;2007;4;3.62453;tons;File MBL2 SOL.xlsx
EmiliaRomagna_DTS;2007;5;5.6852;tons;File MBL2 SOL.xlsx
EmiliaRomagna_DTS;2007;6;4.94557;tons;File MBL2 SOL.xlsx
EmiliaRomagna_DTS;2007;7;6.55076;tons;File MBL2 SOL.xlsx
EmiliaRomagna_DTS;2007;8;2.12189;tons;File MBL2 SOL.xlsx
EmiliaRomagna_DTS;2007;9;7.6035;tons;File MBL2 SOL.xlsx
EmiliaRomagna_DTS;2007;10;8.18754;tons;File MBL2 SOL.xlsx
EmiliaRomagna_DTS;2007;11;8.59241;tons;File MBL2 SOL.xlsx
EmiliaRomagna_DTS;2007;12;3.1381;tons;File MBL2 SOL.xlsx
EmiliaRomagna_DTS;2008;1;2.3527;tons;File MBL2 SOL.xlsx
EmiliaRomagna_DTS;2008;2;2.04126;tons;File MBL2 SOL.xlsx
EmiliaRomagna_DTS;2008;3;3.608;tons;File MBL2 SOL.xlsx
EmiliaRomagna_DTS;2008;4;4.22507;tons;File MBL2 SOL.xlsx
EmiliaRomagna_DTS;2008;5;4.12892;tons;File MBL2 SOL.xlsx
EmiliaRomagna_DTS;2008;6;3.23065;tons;File MBL2 SOL.xlsx
EmiliaRomagna_DTS;2008;7;6.61816;tons;File MBL2 SOL.xlsx
EmiliaRomagna_DTS;2008;8;0.04936;tons;File MBL2 SOL.xlsx
EmiliaRomagna_DTS;2008;9;10.39305;tons;File MBL2 SOL.xlsx
EmiliaRomagna_DTS;2008;10;4.4911;tons;File MBL2 SOL.xlsx
EmiliaRomagna_DTS;2008;11;6.65719;tons;File MBL2 SOL.xlsx
EmiliaRomagna_DTS;2008;12;6.24115;tons;File MBL2 SOL.xlsx
EmiliaRomagna_DTS;2009;1;6.64315;tons;File MBL2 SOL.xlsx
EmiliaRomagna_DTS;2009;2;5.24643;tons;File MBL2 SOL.xlsx
EmiliaRomagna_DTS;2009;3;7.1077;tons;File MBL2 SOL.xlsx
EmiliaRomagna_DTS;2009;4;6.44686;tons;File MBL2 SOL.xlsx
EmiliaRomagna_DTS;2009;5;6.30036;tons;File MBL2 SOL.xlsx
EmiliaRomagna_DTS;2009;6;12.33571;tons;File MBL2 SOL.xlsx
EmiliaRomagna_DTS;2009;7;10.22459;tons;File MBL2 SOL.xlsx
EmiliaRomagna_DTS;2009;8;0.50343;tons;File MBL2 SOL.xlsx
EmiliaRomagna_DTS;2009;9;10.39512;tons;File MBL2 SOL.xlsx
EmiliaRomagna_DTS;2009;10;5.50917;tons;File MBL2 SOL.xlsx
EmiliaRomagna_DTS;2009;11;7.21245;tons;File MBL2 SOL.xlsx
EmiliaRomagna_DTS;2009;12;5.6812;tons;File MBL2 SOL.xlsx
EmiliaRomagna_DTS;2010;1;3.98247;tons;File MBL2 SOL.xlsx
EmiliaRomagna_DTS;2010;2;2.11604;tons;File MBL2 SOL.xlsx
EmiliaRomagna_DTS;2010;3;3.01387;tons;File MBL2 SOL.xlsx
EmiliaRomagna_DTS;2010;4;3.31169;tons;File MBL2 SOL.xlsx
EmiliaRomagna_DTS;2010;5;3.87895;tons;File MBL2 SOL.xlsx
EmiliaRomagna_DTS;2010;6;5.09241;tons;File MBL2 SOL.xlsx
EmiliaRomagna_DTS;2010;7;6.96503;tons;File MBL2 SOL.xlsx
EmiliaRomagna_DTS;2010;9;7.54488;tons;File MBL2 SOL.xlsx
EmiliaRomagna_DTS;2010;10;8.14377;tons;File MBL2 SOL.xlsx
EmiliaRomagna_DTS;2010;11;7.66095;tons;File MBL2 SOL.xlsx
EmiliaRomagna_DTS;2010;12;5.11766;tons;File MBL2 SOL.xlsx
EmiliaRomagna_DTS;2011;1;9.05345;tons;File MBL2 SOL.xlsx
EmiliaRomagna_DTS;2011;2;4.4075;tons;File MBL2 SOL.xlsx
EmiliaRomagna_DTS;2011;3;6.19136;tons;File MBL2 SOL.xlsx
EmiliaRomagna_DTS;2011;4;5.24886;tons;File MBL2 SOL.xlsx
EmiliaRomagna_DTS;2011;5;5.05037;tons;File MBL2 SOL.xlsx
EmiliaRomagna_DTS;2011;6;4.51337;tons;File MBL2 SOL.xlsx
EmiliaRomagna_DTS;2011;7;4.50635;tons;File MBL2 SOL.xlsx
EmiliaRomagna_DTS;2011;10;6.35239;tons;File MBL2 SOL.xlsx
EmiliaRomagna_DTS;2011;11;7.06838;tons;File MBL2 SOL.xlsx
EmiliaRomagna_DTS;2011;12;7.31869;tons;File MBL2 SOL.xlsx
EmiliaRomagna_DTS;2012;1;8.40622;tons;File MBL2 SOL.xlsx
EmiliaRomagna_DTS;2012;2;9.54892;tons;File MBL2 SOL.xlsx
EmiliaRomagna_DTS;2012;3;11.67169;tons;File MBL2 SOL.xlsx
EmiliaRomagna_DTS;2012;4;10.80173;tons;File MBL2 SOL.xlsx
EmiliaRomagna_DTS;2012;5;15.26821;tons;File MBL2 SOL.xlsx
EmiliaRomagna_DTS;2012;6;12.50443;tons;File MBL2 SOL.xlsx
EmiliaRomagna_DTS;2012;7;3.99305;tons;File MBL2 SOL.xlsx
EmiliaRomagna_DTS;2012;8;1.94945;tons;File MBL2 SOL.xlsx
EmiliaRomagna_DTS;2012;9;13.41339;tons;File MBL2 SOL.xlsx
EmiliaRomagna_DTS;2012;10;13.99082;tons;File MBL2 SOL.xlsx
EmiliaRomagna_DTS;2012;11;14.75379;tons;File MBL2 SOL.xlsx
EmiliaRomagna_DTS;2012;12;11.81424;tons;File MBL2 SOL.xlsx
EmiliaRomagna_DTS;2013;1;3.45957;tons;File MBL2 SOL.xlsx
EmiliaRomagna_DTS;2013;2;0.60142;tons;File MBL2 SOL.xlsx
EmiliaRomagna_DTS;2013;3;1.4257;tons;File MBL2 SOL.xlsx
EmiliaRomagna_DTS;2013;4;2.94886;tons;File MBL2 SOL.xlsx
EmiliaRomagna_DTS;2013;5;2.55739;tons;File MBL2 SOL.xlsx
EmiliaRomagna_DTS;2013;6;2.23065;tons;File MBL2 SOL.xlsx
EmiliaRomagna_DTS;2013;7;15.97099;tons;File MBL2 SOL.xlsx
EmiliaRomagna_DTS;2013;8;4.1945;tons;File MBL2 SOL.xlsx
EmiliaRomagna_DTS;2013;9;4.54913;tons;File MBL2 SOL.xlsx
EmiliaRomagna_DTS;2013;10;3.95402;tons;File MBL2 SOL.xlsx
EmiliaRomagna_DTS;2013;11;1.53337;tons;File MBL2 SOL.xlsx
EmiliaRomagna_DTS;2013;12;11.68153;tons;File MBL2 SOL.xlsx
EmiliaRomagna_DTS;2014;1;6.93002;tons;File MBL2 SOL.xlsx
EmiliaRomagna_DTS;2014;2;7.41157;tons;File MBL2 SOL.xlsx
EmiliaRomagna_DTS;2014;3;7.9363;tons;File MBL2 SOL.xlsx
EmiliaRomagna_DTS;2014;4;13.7673;tons;File MBL2 SOL.xlsx
EmiliaRomagna_DTS;2014;5;12.62217;tons;File MBL2 SOL.xlsx
EmiliaRomagna_DTS;2014;6;8.00437;tons;File MBL2 SOL.xlsx
EmiliaRomagna_DTS;2014;7;2.70669;tons;File MBL2 SOL.xlsx
EmiliaRomagna_DTS;2014;9;4.85212;tons;File MBL2 SOL.xlsx
EmiliaRomagna_DTS;2014;10;5.11577;tons;File MBL2 SOL.xlsx
EmiliaRomagna_DTS;2014;11;6.8777;tons;File MBL2 SOL.xlsx
EmiliaRomagna_DTS;2014;12;5.64176;tons;File MBL2 SOL.xlsx
EmiliaRomagna_DTS;2015;1;10.45347;tons;File MBL2 SOL.xlsx
EmiliaRomagna_DTS;2015;2;9.05384;tons;File MBL2 SOL.xlsx
EmiliaRomagna_DTS;2015;3;9.02311;tons;File MBL2 SOL.xlsx
EmiliaRomagna_DTS;2015;4;7.89786;tons;File MBL2 SOL.xlsx
EmiliaRomagna_DTS;2015;5;3.64127;tons;File MBL2 SOL.xlsx
EmiliaRomagna_DTS;2015;6;1.39206;tons;File MBL2 SOL.xlsx
EmiliaRomagna_DTS;2015;7;1.29399;tons;File MBL2 SOL.xlsx
EmiliaRomagna_DTS;2015;8;0.00902;tons;File MBL2 SOL.xlsx
EmiliaRomagna_DTS;2015;9;1.84036;tons;File MBL2 SOL.xlsx
EmiliaRomagna_DTS;2015;10;5.98278;tons;File MBL2 SOL.xlsx
EmiliaRomagna_DTS;2015;11;6.66452;tons;File MBL2 SOL.xlsx
EmiliaRomagna_DTS;2015;12;5.60276;tons;File MBL2 SOL.xlsx
EmiliaRomagna_DTS;2016;1;1.39887;tons;File MBL2 SOL.xlsx
EmiliaRomagna_DTS;2016;2;1.81272;tons;File MBL2 SOL.xlsx
EmiliaRomagna_DTS;2016;3;3.75646;tons;File MBL2 SOL.xlsx
EmiliaRomagna_DTS;2016;4;4.03032;tons;File MBL2 SOL.xlsx
EmiliaRomagna_DTS;2016;5;3.52375;tons;File MBL2 SOL.xlsx
EmiliaRomagna_DTS;2016;6;3.44247;tons;File MBL2 SOL.xlsx
EmiliaRomagna_DTS;2016;7;2.55651;tons;File MBL2 SOL.xlsx
EmiliaRomagna_DTS;2016;9;8.03378;tons;File MBL2 SOL.xlsx
EmiliaRomagna_DTS;2016;10;3.04053;tons;File MBL2 SOL.xlsx
EmiliaRomagna_DTS;2016;11;6.51666;tons;File MBL2 SOL.xlsx
EmiliaRomagna_DTS;2016;12;7.24185;tons;File MBL2 SOL.xlsx
EmiliaRomagna_DTS;2017;1;2.58402;tons;File MBL2 SOL.xlsx
EmiliaRomagna_DTS;2017;2;6.28389;tons;File MBL2 SOL.xlsx
EmiliaRomagna_DTS;2017;3;38.60417;tons;File MBL2 SOL.xlsx
EmiliaRomagna_DTS;2017;4;1.10727;tons;File MBL2 SOL.xlsx
EmiliaRomagna_DTS;2017;5;1.89297;tons;File MBL2 SOL.xlsx
EmiliaRomagna_DTS;2017;6;2.07661;tons;File MBL2 SOL.xlsx
EmiliaRomagna_DTS;2017;7;1.65698;tons;File MBL2 SOL.xlsx
EmiliaRomagna_DTS;2017;8;0.056;tons;File MBL2 SOL.xlsx
EmiliaRomagna_DTS;2017;9;3.17987;tons;File MBL2 SOL.xlsx
EmiliaRomagna_DTS;2017;10;0.90647;tons;File MBL2 SOL.xlsx
EmiliaRomagna_DTS;2017;11;3.79774;tons;File MBL2 SOL.xlsx
EmiliaRomagna_DTS;2017;12;2.94123;tons;File MBL2 SOL.xlsx
EmiliaRomagna_DTS;2018;1;2.53634;tons;File MBL2 SOL.xlsx
EmiliaRomagna_DTS;2018;2;0.94364;tons;File MBL2 SOL.xlsx
EmiliaRomagna_DTS;2018;3;0.96921;tons;File MBL2 SOL.xlsx
EmiliaRomagna_DTS;2018;4;0.89187;tons;File MBL2 SOL.xlsx
EmiliaRomagna_DTS;2018;5;2.32713;tons;File MBL2 SOL.xlsx
EmiliaRomagna_DTS;2018;6;1.89123;tons;File MBL2 SOL.xlsx
EmiliaRomagna_DTS;2018;7;1.74996;tons;File MBL2 SOL.xlsx
EmiliaRomagna_DTS;2018;8;0.15351;tons;File MBL2 SOL.xlsx
EmiliaRomagna_DTS;2018;9;3.23514;tons;File MBL2 SOL.xlsx
EmiliaRomagna_DTS;2018;10;2.0645;tons;File MBL2 SOL.xlsx
EmiliaRomagna_DTS;2018;11;5.33659;tons;File MBL2 SOL.xlsx
EmiliaRomagna_DTS;2018;12;10.8573;tons;File MBL2 SOL.xlsx
EmiliaRomagna_PGP;2005;4;1.59223;tons;File MBL2 SOL.xlsx
EmiliaRomagna_PGP;2005;5;3.13277;tons;File MBL2 SOL.xlsx
EmiliaRomagna_PGP;2005;6;4.79801;tons;File MBL2 SOL.xlsx
EmiliaRomagna_PGP;2005;7;18.10445;tons;File MBL2 SOL.xlsx
EmiliaRomagna_PGP;2005;8;50.59752;tons;File MBL2 SOL.xlsx
EmiliaRomagna_PGP;2005;9;14.06508;tons;File MBL2 SOL.xlsx
EmiliaRomagna_PGP;2005;10;1.342;tons;File MBL2 SOL.xlsx
EmiliaRomagna_PGP;2005;11;5.47742;tons;File MBL2 SOL.xlsx
EmiliaRomagna_PGP;2005;12;2.66545;tons;File MBL2 SOL.xlsx
EmiliaRomagna_PGP;2006;4;0.35392;tons;File MBL2 SOL.xlsx
EmiliaRomagna_PGP;2006;5;2.98748;tons;File MBL2 SOL.xlsx
EmiliaRomagna_PGP;2006;6;1.74877;tons;File MBL2 SOL.xlsx
EmiliaRomagna_PGP;2006;7;7.78492;tons;File MBL2 SOL.xlsx
EmiliaRomagna_PGP;2006;8;50.63958;tons;File MBL2 SOL.xlsx
EmiliaRomagna_PGP;2006;9;39.7687;tons;File MBL2 SOL.xlsx
EmiliaRomagna_PGP;2006;10;60.87958;tons;File MBL2 SOL.xlsx
EmiliaRomagna_PGP;2006;11;0.57239;tons;File MBL2 SOL.xlsx
EmiliaRomagna_PGP;2007;3;6.02229;tons;File MBL2 SOL.xlsx
EmiliaRomagna_PGP;2007;4;5.56944;tons;File MBL2 SOL.xlsx
EmiliaRomagna_PGP;2007;5;2.8971;tons;File MBL2 SOL.xlsx
EmiliaRomagna_PGP;2007;6;6.73694;tons;File MBL2 SOL.xlsx
EmiliaRomagna_PGP;2007;7;35.55572;tons;File MBL2 SOL.xlsx
EmiliaRomagna_PGP;2007;8;31.9181;tons;File MBL2 SOL.xlsx
EmiliaRomagna_PGP;2007;9;12.75645;tons;File MBL2 SOL.xlsx
EmiliaRomagna_PGP;2007;10;7.5308;tons;File MBL2 SOL.xlsx
EmiliaRomagna_PGP;2007;11;2.24025;tons;File MBL2 SOL.xlsx
EmiliaRomagna_PGP;2007;12;0.71062;tons;File MBL2 SOL.xlsx
EmiliaRomagna_PGP;2008;3;3.53258;tons;File MBL2 SOL.xlsx
EmiliaRomagna_PGP;2008;4;2.98269;tons;File MBL2 SOL.xlsx
EmiliaRomagna_PGP;2008;5;1.33348;tons;File MBL2 SOL.xlsx
EmiliaRomagna_PGP;2008;6;2.57639;tons;File MBL2 SOL.xlsx
EmiliaRomagna_PGP;2008;7;27.95655;tons;File MBL2 SOL.xlsx
EmiliaRomagna_PGP;2008;8;63.56444;tons;File MBL2 SOL.xlsx
EmiliaRomagna_PGP;2008;9;21.64413;tons;File MBL2 SOL.xlsx
EmiliaRomagna_PGP;2008;10;5.14207;tons;File MBL2 SOL.xlsx
EmiliaRomagna_PGP;2008;11;2.61367;tons;File MBL2 SOL.xlsx
EmiliaRomagna_PGP;2009;3;7.0036;tons;File MBL2 SOL.xlsx
EmiliaRomagna_PGP;2009;4;6.0586;tons;File MBL2 SOL.xlsx
EmiliaRomagna_PGP;2009;5;3.40939;tons;File MBL2 SOL.xlsx
EmiliaRomagna_PGP;2009;6;6.73702;tons;File MBL2 SOL.xlsx
EmiliaRomagna_PGP;2009;7;30.32867;tons;File MBL2 SOL.xlsx
EmiliaRomagna_PGP;2009;8;8.23555;tons;File MBL2 SOL.xlsx
EmiliaRomagna_PGP;2009;9;12.52318;tons;File MBL2 SOL.xlsx
EmiliaRomagna_PGP;2009;10;5.70925;tons;File MBL2 SOL.xlsx
EmiliaRomagna_PGP;2009;11;3.14926;tons;File MBL2 SOL.xlsx
EmiliaRomagna_PGP;2009;12;0.3499;tons;File MBL2 SOL.xlsx
EmiliaRomagna_PGP;2010;2;0.26058;tons;File MBL2 SOL.xlsx
EmiliaRomagna_PGP;2010;3;3.363;tons;File MBL2 SOL.xlsx
EmiliaRomagna_PGP;2010;4;2.29749;tons;File MBL2 SOL.xlsx
EmiliaRomagna_PGP;2010;5;3.14446;tons;File MBL2 SOL.xlsx
EmiliaRomagna_PGP;2010;6;6.20053;tons;File MBL2 SOL.xlsx
EmiliaRomagna_PGP;2010;7;6.26462;tons;File MBL2 SOL.xlsx
EmiliaRomagna_PGP;2010;8;8.39139;tons;File MBL2 SOL.xlsx
EmiliaRomagna_PGP;2010;9;6.99513;tons;File MBL2 SOL.xlsx
EmiliaRomagna_PGP;2010;10;6.18075;tons;File MBL2 SOL.xlsx
EmiliaRomagna_PGP;2010;11;2.33093;tons;File MBL2 SOL.xlsx
EmiliaRomagna_PGP;2010;12;1.36039;tons;File MBL2 SOL.xlsx
EmiliaRomagna_PGP;2011;2;0.03829;tons;File MBL2 SOL.xlsx
EmiliaRomagna_PGP;2011;3;0.5659;tons;File MBL2 SOL.xlsx
EmiliaRomagna_PGP;2011;4;1.0289;tons;File MBL2 SOL.xlsx
EmiliaRomagna_PGP;2011;5;1.15547;tons;File MBL2 SOL.xlsx
EmiliaRomagna_PGP;2011;6;1.30486;tons;File MBL2 SOL.xlsx
EmiliaRomagna_PGP;2011;7;8.3316;tons;File MBL2 SOL.xlsx
EmiliaRomagna_PGP;2011;8;2.34648;tons;File MBL2 SOL.xlsx
EmiliaRomagna_PGP;2011;9;3.61131;tons;File MBL2 SOL.xlsx
EmiliaRomagna_PGP;2011;10;9.12173;tons;File MBL2 SOL.xlsx
EmiliaRomagna_PGP;2011;11;6.94818;tons;File MBL2 SOL.xlsx
EmiliaRomagna_PGP;2011;12;0.31022;tons;File MBL2 SOL.xlsx
EmiliaRomagna_PGP;2012;1;10.54771;tons;File MBL2 SOL.xlsx
EmiliaRomagna_PGP;2012;2;8.42566;tons;File MBL2 SOL.xlsx
EmiliaRomagna_PGP;2012;3;14.52797;tons;File MBL2 SOL.xlsx
EmiliaRomagna_PGP;2012;4;11.64314;tons;File MBL2 SOL.xlsx
EmiliaRomagna_PGP;2012;5;13.83019;tons;File MBL2 SOL.xlsx
EmiliaRomagna_PGP;2012;6;17.0208;tons;File MBL2 SOL.xlsx
EmiliaRomagna_PGP;2012;7;33.50974;tons;File MBL2 SOL.xlsx
EmiliaRomagna_PGP;2012;8;27.93256;tons;File MBL2 SOL.xlsx
EmiliaRomagna_PGP;2012;9;23.76829;tons;File MBL2 SOL.xlsx
EmiliaRomagna_PGP;2012;10;18.43491;tons;File MBL2 SOL.xlsx
EmiliaRomagna_PGP;2012;11;14.89127;tons;File MBL2 SOL.xlsx
EmiliaRomagna_PGP;2012;12;16.42071;tons;File MBL2 SOL.xlsx
EmiliaRomagna_PGP;2013;1;6.39008;tons;File MBL2 SOL.xlsx
EmiliaRomagna_PGP;2013;2;0.90105;tons;File MBL2 SOL.xlsx
EmiliaRomagna_PGP;2013;4;1.74674;tons;File MBL2 SOL.xlsx
EmiliaRomagna_PGP;2013;5;6.14118;tons;File MBL2 SOL.xlsx
EmiliaRomagna_PGP;2013;6;4.83057;tons;File MBL2 SOL.xlsx
EmiliaRomagna_PGP;2013;7;18.46549;tons;File MBL2 SOL.xlsx
EmiliaRomagna_PGP;2013;8;31.17776;tons;File MBL2 SOL.xlsx
EmiliaRomagna_PGP;2013;9;1.70146;tons;File MBL2 SOL.xlsx
EmiliaRomagna_PGP;2013;10;7.28617;tons;File MBL2 SOL.xlsx
EmiliaRomagna_PGP;2013;12;2.56416;tons;File MBL2 SOL.xlsx
EmiliaRomagna_PGP;2014;1;1.15598;tons;File MBL2 SOL.xlsx
EmiliaRomagna_PGP;2014;2;1.8764;tons;File MBL2 SOL.xlsx
EmiliaRomagna_PGP;2014;3;6.91817;tons;File MBL2 SOL.xlsx
EmiliaRomagna_PGP;2014;4;5.7259;tons;File MBL2 SOL.xlsx
EmiliaRomagna_PGP;2014;5;3.82705;tons;File MBL2 SOL.xlsx
EmiliaRomagna_PGP;2014;6;4.79136;tons;File MBL2 SOL.xlsx
EmiliaRomagna_PGP;2014;7;38.97689;tons;File MBL2 SOL.xlsx
EmiliaRomagna_PGP;2014;8;24.70882;tons;File MBL2 SOL.xlsx
EmiliaRomagna_PGP;2014;9;6.59291;tons;File MBL2 SOL.xlsx
EmiliaRomagna_PGP;2014;10;7.14726;tons;File MBL2 SOL.xlsx
EmiliaRomagna_PGP;2014;11;5.1309;tons;File MBL2 SOL.xlsx
EmiliaRomagna_PGP;2014;12;3.59026;tons;File MBL2 SOL.xlsx
EmiliaRomagna_PGP;2015;1;2.35878;tons;File MBL2 SOL.xlsx
EmiliaRomagna_PGP;2015;2;1.92081;tons;File MBL2 SOL.xlsx
EmiliaRomagna_PGP;2015;3;3.70474;tons;File MBL2 SOL.xlsx
EmiliaRomagna_PGP;2015;4;3.60861;tons;File MBL2 SOL.xlsx
EmiliaRomagna_PGP;2015;5;8.62134;tons;File MBL2 SOL.xlsx
EmiliaRomagna_PGP;2015;6;7.98854;tons;File MBL2 SOL.xlsx
EmiliaRomagna_PGP;2015;7;16.24656;tons;File MBL2 SOL.xlsx
EmiliaRomagna_PGP;2015;8;35.12651;tons;File MBL2 SOL.xlsx
EmiliaRomagna_PGP;2015;9;6.29088;tons;File MBL2 SOL.xlsx
EmiliaRomagna_PGP;2015;10;3.99199;tons;File MBL2 SOL.xlsx
EmiliaRomagna_PGP;2015;11;2.99452;tons;File MBL2 SOL.xlsx
EmiliaRomagna_PGP;2015;12;2.58886;tons;File MBL2 SOL.xlsx
EmiliaRomagna_PGP;2016;1;2.64298;tons;File MBL2 SOL.xlsx
EmiliaRomagna_PGP;2016;2;2.47782;tons;File MBL2 SOL.xlsx
EmiliaRomagna_PGP;2016;3;2.06237;tons;File MBL2 SOL.xlsx
EmiliaRomagna_PGP;2016;4;2.70137;tons;File MBL2 SOL.xlsx
EmiliaRomagna_PGP;2016;5;3.21735;tons;File MBL2 SOL.xlsx
EmiliaRomagna_PGP;2016;6;3.9872;tons;File MBL2 SOL.xlsx
EmiliaRomagna_PGP;2016;7;11.08365;tons;File MBL2 SOL.xlsx
EmiliaRomagna_PGP;2016;8;45.62222;tons;File MBL2 SOL.xlsx
EmiliaRomagna_PGP;2016;9;13.40496;tons;File MBL2 SOL.xlsx
EmiliaRomagna_PGP;2016;10;5.36167;tons;File MBL2 SOL.xlsx
EmiliaRomagna_PGP;2016;11;7.5705;tons;File MBL2 SOL.xlsx
EmiliaRomagna_PGP;2016;12;4.22554;tons;File MBL2 SOL.xlsx
EmiliaRomagna_PGP;2017;1;0.90774;tons;File MBL2 SOL.xlsx
EmiliaRomagna_PGP;2017;2;3.27958;tons;File MBL2 SOL.xlsx
EmiliaRomagna_PGP;2017;3;67.2116;tons;File MBL2 SOL.xlsx
EmiliaRomagna_PGP;2017;4;0.43801;tons;File MBL2 SOL.xlsx
EmiliaRomagna_PGP;2017;5;0.44427;tons;File MBL2 SOL.xlsx
EmiliaRomagna_PGP;2017;6;4.64312;tons;File MBL2 SOL.xlsx
EmiliaRomagna_PGP;2017;7;4.18313;tons;File MBL2 SOL.xlsx
EmiliaRomagna_PGP;2017;8;33.63806;tons;File MBL2 SOL.xlsx
EmiliaRomagna_PGP;2017;9;9.40626;tons;File MBL2 SOL.xlsx
EmiliaRomagna_PGP;2017;10;3.74257;tons;File MBL2 SOL.xlsx
EmiliaRomagna_PGP;2017;11;1.55539;tons;File MBL2 SOL.xlsx
EmiliaRomagna_PGP;2017;12;3.61692;tons;File MBL2 SOL.xlsx
EmiliaRomagna_PGP;2018;1;0.8618;tons;File MBL2 SOL.xlsx
EmiliaRomagna_PGP;2018;2;0.71054;tons;File MBL2 SOL.xlsx
EmiliaRomagna_PGP;2018;3;0.92383;tons;File MBL2 SOL.xlsx
EmiliaRomagna_PGP;2018;4;0.3316;tons;File MBL2 SOL.xlsx
EmiliaRomagna_PGP;2018;5;1.31459;tons;File MBL2 SOL.xlsx
EmiliaRomagna_PGP;2018;6;0.63608;tons;File MBL2 SOL.xlsx
EmiliaRomagna_PGP;2018;7;8.79677;tons;File MBL2 SOL.xlsx
EmiliaRomagna_PGP;2018;8;14.68356;tons;File MBL2 SOL.xlsx
EmiliaRomagna_PGP;2018;9;8.32912;tons;File MBL2 SOL.xlsx
EmiliaRomagna_PGP;2018;10;3.08918;tons;File MBL2 SOL.xlsx
EmiliaRomagna_PGP;2018;11;0.98685;tons;File MBL2 SOL.xlsx
EmiliaRomagna_PGP;2018;12;0.98559;tons;File MBL2 SOL.xlsx
EmiliaRomagna_TBB;2005;3;23.84564;tons;File MBL2 SOL.xlsx
EmiliaRomagna_TBB;2005;4;17.9793;tons;File MBL2 SOL.xlsx
EmiliaRomagna_TBB;2005;5;15.04806;tons;File MBL2 SOL.xlsx
EmiliaRomagna_TBB;2005;6;6.53048;tons;File MBL2 SOL.xlsx
EmiliaRomagna_TBB;2005;7;3.72037;tons;File MBL2 SOL.xlsx
EmiliaRomagna_TBB;2005;9;12.63135;tons;File MBL2 SOL.xlsx
EmiliaRomagna_TBB;2005;10;14.37701;tons;File MBL2 SOL.xlsx
EmiliaRomagna_TBB;2005;11;12.44447;tons;File MBL2 SOL.xlsx
EmiliaRomagna_TBB;2005;12;12.67463;tons;File MBL2 SOL.xlsx
EmiliaRomagna_TBB;2006;1;22.12071;tons;File MBL2 SOL.xlsx
EmiliaRomagna_TBB;2006;2;18.53392;tons;File MBL2 SOL.xlsx
EmiliaRomagna_TBB;2006;3;19.90166;tons;File MBL2 SOL.xlsx
EmiliaRomagna_TBB;2006;4;16.05186;tons;File MBL2 SOL.xlsx
EmiliaRomagna_TBB;2006;5;19.31934;tons;File MBL2 SOL.xlsx
EmiliaRomagna_TBB;2006;6;20.6917;tons;File MBL2 SOL.xlsx
EmiliaRomagna_TBB;2006;7;23.05905;tons;File MBL2 SOL.xlsx
EmiliaRomagna_TBB;2006;8;8.73064;tons;File MBL2 SOL.xlsx
EmiliaRomagna_TBB;2006;9;28.00734;tons;File MBL2 SOL.xlsx
EmiliaRomagna_TBB;2006;10;29.39154;tons;File MBL2 SOL.xlsx
EmiliaRomagna_TBB;2006;11;29.20866;tons;File MBL2 SOL.xlsx
EmiliaRomagna_TBB;2006;12;19.57463;tons;File MBL2 SOL.xlsx
EmiliaRomagna_TBB;2007;1;21.33401;tons;File MBL2 SOL.xlsx
EmiliaRomagna_TBB;2007;2;17.06297;tons;File MBL2 SOL.xlsx
EmiliaRomagna_TBB;2007;3;15.84947;tons;File MBL2 SOL.xlsx
EmiliaRomagna_TBB;2007;4;20.31676;tons;File MBL2 SOL.xlsx
EmiliaRomagna_TBB;2007;5;16.04297;tons;File MBL2 SOL.xlsx
EmiliaRomagna_TBB;2007;6;15.2248;tons;File MBL2 SOL.xlsx
EmiliaRomagna_TBB;2007;7;10.65068;tons;File MBL2 SOL.xlsx
EmiliaRomagna_TBB;2007;8;2.80787;tons;File MBL2 SOL.xlsx
EmiliaRomagna_TBB;2007;9;8.7249;tons;File MBL2 SOL.xlsx
EmiliaRomagna_TBB;2007;10;10.79623;tons;File MBL2 SOL.xlsx
EmiliaRomagna_TBB;2007;11;10.95487;tons;File MBL2 SOL.xlsx
EmiliaRomagna_TBB;2007;12;9.91463;tons;File MBL2 SOL.xlsx
EmiliaRomagna_TBB;2008;1;13.08853;tons;File MBL2 SOL.xlsx
EmiliaRomagna_TBB;2008;2;10.33994;tons;File MBL2 SOL.xlsx
EmiliaRomagna_TBB;2008;3;9.5545;tons;File MBL2 SOL.xlsx
EmiliaRomagna_TBB;2008;4;9.66195;tons;File MBL2 SOL.xlsx
EmiliaRomagna_TBB;2008;5;7.55436;tons;File MBL2 SOL.xlsx
EmiliaRomagna_TBB;2008;6;1.93519;tons;File MBL2 SOL.xlsx
EmiliaRomagna_TBB;2008;7;5.92968;tons;File MBL2 SOL.xlsx
EmiliaRomagna_TBB;2008;9;11.01569;tons;File MBL2 SOL.xlsx
EmiliaRomagna_TBB;2008;10;13.32073;tons;File MBL2 SOL.xlsx
EmiliaRomagna_TBB;2008;11;8.91944;tons;File MBL2 SOL.xlsx
EmiliaRomagna_TBB;2008;12;7.86815;tons;File MBL2 SOL.xlsx
EmiliaRomagna_TBB;2009;1;12.21086;tons;File MBL2 SOL.xlsx
EmiliaRomagna_TBB;2009;2;9.87294;tons;File MBL2 SOL.xlsx
EmiliaRomagna_TBB;2009;3;16.51565;tons;File MBL2 SOL.xlsx
EmiliaRomagna_TBB;2009;4;16.65857;tons;File MBL2 SOL.xlsx
EmiliaRomagna_TBB;2009;5;14.41324;tons;File MBL2 SOL.xlsx
EmiliaRomagna_TBB;2009;6;17.72911;tons;File MBL2 SOL.xlsx
EmiliaRomagna_TBB;2009;7;23.77631;tons;File MBL2 SOL.xlsx
EmiliaRomagna_TBB;2009;8;2.20399;tons;File MBL2 SOL.xlsx
EmiliaRomagna_TBB;2009;9;15.63052;tons;File MBL2 SOL.xlsx
EmiliaRomagna_TBB;2009;10;13.23199;tons;File MBL2 SOL.xlsx
EmiliaRomagna_TBB;2009;11;14.06286;tons;File MBL2 SOL.xlsx
EmiliaRomagna_TBB;2009;12;12.68877;tons;File MBL2 SOL.xlsx
EmiliaRomagna_TBB;2010;1;7.69197;tons;File MBL2 SOL.xlsx
EmiliaRomagna_TBB;2010;2;6.85965;tons;File MBL2 SOL.xlsx
EmiliaRomagna_TBB;2010;3;10.67226;tons;File MBL2 SOL.xlsx
EmiliaRomagna_TBB;2010;4;9.86425;tons;File MBL2 SOL.xlsx
EmiliaRomagna_TBB;2010;5;9.99689;tons;File MBL2 SOL.xlsx
EmiliaRomagna_TBB;2010;6;11.25227;tons;File MBL2 SOL.xlsx
EmiliaRomagna_TBB;2010;7;6.4349;tons;File MBL2 SOL.xlsx
EmiliaRomagna_TBB;2010;9;5.32745;tons;File MBL2 SOL.xlsx
EmiliaRomagna_TBB;2010;10;5.36823;tons;File MBL2 SOL.xlsx
EmiliaRomagna_TBB;2010;11;7.1049;tons;File MBL2 SOL.xlsx
EmiliaRomagna_TBB;2010;12;6.74238;tons;File MBL2 SOL.xlsx
EmiliaRomagna_TBB;2011;1;5.19096;tons;File MBL2 SOL.xlsx
EmiliaRomagna_TBB;2011;2;4.07285;tons;File MBL2 SOL.xlsx
EmiliaRomagna_TBB;2011;3;4.40529;tons;File MBL2 SOL.xlsx
EmiliaRomagna_TBB;2011;4;3.59324;tons;File MBL2 SOL.xlsx
EmiliaRomagna_TBB;2011;5;2.57992;tons;File MBL2 SOL.xlsx
EmiliaRomagna_TBB;2011;6;3.11609;tons;File MBL2 SOL.xlsx
EmiliaRomagna_TBB;2011;7;2.72935;tons;File MBL2 SOL.xlsx
EmiliaRomagna_TBB;2011;10;2.81743;tons;File MBL2 SOL.xlsx
EmiliaRomagna_TBB;2011;11;3.79001;tons;File MBL2 SOL.xlsx
EmiliaRomagna_TBB;2011;12;6.43339;tons;File MBL2 SOL.xlsx
EmiliaRomagna_TBB;2012;1;6.50222;tons;File MBL2 SOL.xlsx
EmiliaRomagna_TBB;2012;2;6.92413;tons;File MBL2 SOL.xlsx
EmiliaRomagna_TBB;2012;3;9.06519;tons;File MBL2 SOL.xlsx
EmiliaRomagna_TBB;2012;4;7.91376;tons;File MBL2 SOL.xlsx
EmiliaRomagna_TBB;2012;5;8.5904;tons;File MBL2 SOL.xlsx
EmiliaRomagna_TBB;2012;6;5.57454;tons;File MBL2 SOL.xlsx
EmiliaRomagna_TBB;2012;7;2.9777;tons;File MBL2 SOL.xlsx
EmiliaRomagna_TBB;2012;8;0.82841;tons;File MBL2 SOL.xlsx
EmiliaRomagna_TBB;2012;9;5.43305;tons;File MBL2 SOL.xlsx
EmiliaRomagna_TBB;2012;10;6.25577;tons;File MBL2 SOL.xlsx
EmiliaRomagna_TBB;2012;11;6.31327;tons;File MBL2 SOL.xlsx
EmiliaRomagna_TBB;2012;12;8.75691;tons;File MBL2 SOL.xlsx
EmiliaRomagna_TBB;2013;1;9.18231;tons;File MBL2 SOL.xlsx
EmiliaRomagna_TBB;2013;2;6.98214;tons;File MBL2 SOL.xlsx
EmiliaRomagna_TBB;2013;3;5.59529;tons;File MBL2 SOL.xlsx
EmiliaRomagna_TBB;2013;4;8.41244;tons;File MBL2 SOL.xlsx
EmiliaRomagna_TBB;2013;5;8.76205;tons;File MBL2 SOL.xlsx
EmiliaRomagna_TBB;2013;6;7.28265;tons;File MBL2 SOL.xlsx
EmiliaRomagna_TBB;2013;7;5.62456;tons;File MBL2 SOL.xlsx
EmiliaRomagna_TBB;2013;9;3.13754;tons;File MBL2 SOL.xlsx
EmiliaRomagna_TBB;2013;10;2.87002;tons;File MBL2 SOL.xlsx
EmiliaRomagna_TBB;2013;11;4.30405;tons;File MBL2 SOL.xlsx
EmiliaRomagna_TBB;2013;12;8.52683;tons;File MBL2 SOL.xlsx
EmiliaRomagna_TBB;2014;1;7.95412;tons;File MBL2 SOL.xlsx
EmiliaRomagna_TBB;2014;2;8.90314;tons;File MBL2 SOL.xlsx
EmiliaRomagna_TBB;2014;3;13.26591;tons;File MBL2 SOL.xlsx
EmiliaRomagna_TBB;2014;4;16.05419;tons;File MBL2 SOL.xlsx
EmiliaRomagna_TBB;2014;5;17.81534;tons;File MBL2 SOL.xlsx
EmiliaRomagna_TBB;2014;6;14.74157;tons;File MBL2 SOL.xlsx
EmiliaRomagna_TBB;2014;7;10.62435;tons;File MBL2 SOL.xlsx
EmiliaRomagna_TBB;2014;9;9.29229;tons;File MBL2 SOL.xlsx
EmiliaRomagna_TBB;2014;10;8.54814;tons;File MBL2 SOL.xlsx
EmiliaRomagna_TBB;2014;11;12.72339;tons;File MBL2 SOL.xlsx
EmiliaRomagna_TBB;2014;12;11.41278;tons;File MBL2 SOL.xlsx
EmiliaRomagna_TBB;2015;1;26.8259;tons;File MBL2 SOL.xlsx
EmiliaRomagna_TBB;2015;2;17.13011;tons;File MBL2 SOL.xlsx
EmiliaRomagna_TBB;2015;3;17.42751;tons;File MBL2 SOL.xlsx
EmiliaRomagna_TBB;2015;4;17.49132;tons;File MBL2 SOL.xlsx
EmiliaRomagna_TBB;2015;5;16.40581;tons;File MBL2 SOL.xlsx
EmiliaRomagna_TBB;2015;6;12.09164;tons;File MBL2 SOL.xlsx
EmiliaRomagna_TBB;2015;7;10.95993;tons;File MBL2 SOL.xlsx
EmiliaRomagna_TBB;2015;9;9.59002;tons;File MBL2 SOL.xlsx
EmiliaRomagna_TBB;2015;10;15.70913;tons;File MBL2 SOL.xlsx
EmiliaRomagna_TBB;2015;11;17.60724;tons;File MBL2 SOL.xlsx
EmiliaRomagna_TBB;2015;12;21.85542;tons;File MBL2 SOL.xlsx
EmiliaRomagna_TBB;2016;1;14.01066;tons;File MBL2 SOL.xlsx
EmiliaRomagna_TBB;2016;2;10.09673;tons;File MBL2 SOL.xlsx
EmiliaRomagna_TBB;2016;3;10.31164;tons;File MBL2 SOL.xlsx
EmiliaRomagna_TBB;2016;4;11.59774;tons;File MBL2 SOL.xlsx
EmiliaRomagna_TBB;2016;5;15.85443;tons;File MBL2 SOL.xlsx
EmiliaRomagna_TBB;2016;6;13.2698;tons;File MBL2 SOL.xlsx
EmiliaRomagna_TBB;2016;7;23.30269;tons;File MBL2 SOL.xlsx
EmiliaRomagna_TBB;2016;9;34.39185;tons;File MBL2 SOL.xlsx
EmiliaRomagna_TBB;2016;10;28.52552;tons;File MBL2 SOL.xlsx
EmiliaRomagna_TBB;2016;11;37.37584;tons;File MBL2 SOL.xlsx
EmiliaRomagna_TBB;2016;12;33.60991;tons;File MBL2 SOL.xlsx
EmiliaRomagna_TBB;2017;1;20.6986;tons;File MBL2 SOL.xlsx
EmiliaRomagna_TBB;2017;2;27.18066;tons;File MBL2 SOL.xlsx
EmiliaRomagna_TBB;2017;3;16.20736;tons;File MBL2 SOL.xlsx
EmiliaRomagna_TBB;2017;4;16.48759;tons;File MBL2 SOL.xlsx
EmiliaRomagna_TBB;2017;5;14.7739;tons;File MBL2 SOL.xlsx
EmiliaRomagna_TBB;2017;6;29.20246;tons;File MBL2 SOL.xlsx
EmiliaRomagna_TBB;2017;7;29.10538;tons;File MBL2 SOL.xlsx
EmiliaRomagna_TBB;2017;9;29.23651;tons;File MBL2 SOL.xlsx
EmiliaRomagna_TBB;2017;10;31.2826;tons;File MBL2 SOL.xlsx
EmiliaRomagna_TBB;2017;11;26.80315;tons;File MBL2 SOL.xlsx
EmiliaRomagna_TBB;2017;12;27.89118;tons;File MBL2 SOL.xlsx
EmiliaRomagna_TBB;2018;1;14.03385;tons;File MBL2 SOL.xlsx
EmiliaRomagna_TBB;2018;2;8.86523;tons;File MBL2 SOL.xlsx
EmiliaRomagna_TBB;2018;3;16.92806;tons;File MBL2 SOL.xlsx
EmiliaRomagna_TBB;2018;4;14.93425;tons;File MBL2 SOL.xlsx
EmiliaRomagna_TBB;2018;5;20.06484;tons;File MBL2 SOL.xlsx
EmiliaRomagna_TBB;2018;6;17.96252;tons;File MBL2 SOL.xlsx
EmiliaRomagna_TBB;2018;7;22.32166;tons;File MBL2 SOL.xlsx
EmiliaRomagna_TBB;2018;9;20.07339;tons;File MBL2 SOL.xlsx
EmiliaRomagna_TBB;2018;10;27.39522;tons;File MBL2 SOL.xlsx
EmiliaRomagna_TBB;2018;11;23.47422;tons;File MBL2 SOL.xlsx
EmiliaRomagna_TBB;2018;12;27.93532;tons;File MBL2 SOL.xlsx
EmiliaRomagna_TM;2005;10;0.00612;tons;File MBL2 SOL.xlsx
EmiliaRomagna_TM;2005;11;0.07131;tons;File MBL2 SOL.xlsx
EmiliaRomagna_TM;2012;10;0.0547;tons;File MBL2 SOL.xlsx
EmiliaRomagna_TM;2013;1;0.13911;tons;File MBL2 SOL.xlsx
EmiliaRomagna_TM;2014;1;0.02086;tons;File MBL2 SOL.xlsx
EmiliaRomagna_TM;2014;5;0.05526;tons;File MBL2 SOL.xlsx
EmiliaRomagna_TM;2014;6;0.06023;tons;File MBL2 SOL.xlsx
EmiliaRomagna_TM;2014;9;0.00924;tons;File MBL2 SOL.xlsx
EmiliaRomagna_TM;2014;10;0.04582;tons;File MBL2 SOL.xlsx
EmiliaRomagna_TM;2014;11;0.03298;tons;File MBL2 SOL.xlsx
EmiliaRomagna_TM;2014;12;0.09566;tons;File MBL2 SOL.xlsx
EmiliaRomagna_TM;2015;1;0.10303;tons;File MBL2 SOL.xlsx
EmiliaRomagna_TM;2015;11;0.16688;tons;File MBL2 SOL.xlsx
EmiliaRomagna_TM;2015;12;0.12075;tons;File MBL2 SOL.xlsx
EmiliaRomagna_TM;2016;1;0.02132;tons;File MBL2 SOL.xlsx
EmiliaRomagna_TM;2016;7;0.02186;tons;File MBL2 SOL.xlsx
EmiliaRomagna_TM;2016;9;0.01749;tons;File MBL2 SOL.xlsx
EmiliaRomagna_TM;2018;1;0.02262;tons;File MBL2 SOL.xlsx
EmiliaRomagna_TM;2018;6;0.01075;tons;File MBL2 SOL.xlsx
EmiliaRomagna_TM;2018;8;0.0088;tons;File MBL2 SOL.xlsx
EmiliaRomagna_TM;2018;9;0.04229;tons;File MBL2 SOL.xlsx
EmiliaRomagna_TM;2018;10;0.03673;tons;File MBL2 SOL.xlsx
EmiliaRomagna_TM;2018;11;0.19744;tons;File MBL2 SOL.xlsx
EmiliaRomagna_TM;2018;12;0.334;tons;File MBL2 SOL.xlsx
FriuliVeneziaGiulia_DRB;2017;7;0.0315;tons;File MBL2 SOL.xlsx
FriuliVeneziaGiulia_DRB;2017;8;0.0048;tons;File MBL2 SOL.xlsx
FriuliVeneziaGiulia_DRB;2018;4;0.01199;tons;File MBL2 SOL.xlsx
FriuliVeneziaGiulia_DRB;2018;5;0.03106;tons;File MBL2 SOL.xlsx
FriuliVeneziaGiulia_DRB;2018;7;0.01094;tons;File MBL2 SOL.xlsx
FriuliVeneziaGiulia_DRB;2018;12;0.01714;tons;File MBL2 SOL.xlsx
FriuliVeneziaGiulia_DTS;2005;1;0.61397;tons;File MBL2 SOL.xlsx
FriuliVeneziaGiulia_DTS;2005;2;0.05439;tons;File MBL2 SOL.xlsx
FriuliVeneziaGiulia_DTS;2005;3;0.95591;tons;File MBL2 SOL.xlsx
FriuliVeneziaGiulia_DTS;2005;4;1.54843;tons;File MBL2 SOL.xlsx
FriuliVeneziaGiulia_DTS;2005;5;1.7326;tons;File MBL2 SOL.xlsx
FriuliVeneziaGiulia_DTS;2005;6;1.11326;tons;File MBL2 SOL.xlsx
FriuliVeneziaGiulia_DTS;2005;7;0.72796;tons;File MBL2 SOL.xlsx
FriuliVeneziaGiulia_DTS;2005;9;1.0378;tons;File MBL2 SOL.xlsx
FriuliVeneziaGiulia_DTS;2005;10;4.18455;tons;File MBL2 SOL.xlsx
FriuliVeneziaGiulia_DTS;2005;11;2.11253;tons;File MBL2 SOL.xlsx
FriuliVeneziaGiulia_DTS;2005;12;0.6602;tons;File MBL2 SOL.xlsx
FriuliVeneziaGiulia_DTS;2006;1;0.22065;tons;File MBL2 SOL.xlsx
FriuliVeneziaGiulia_DTS;2006;2;0.00461;tons;File MBL2 SOL.xlsx
FriuliVeneziaGiulia_DTS;2006;3;0.18667;tons;File MBL2 SOL.xlsx
FriuliVeneziaGiulia_DTS;2006;4;0.46979;tons;File MBL2 SOL.xlsx
FriuliVeneziaGiulia_DTS;2006;5;0.81156;tons;File MBL2 SOL.xlsx
FriuliVeneziaGiulia_DTS;2006;6;1.51334;tons;File MBL2 SOL.xlsx
FriuliVeneziaGiulia_DTS;2006;7;0.51572;tons;File MBL2 SOL.xlsx
FriuliVeneziaGiulia_DTS;2006;8;0.52856;tons;File MBL2 SOL.xlsx
FriuliVeneziaGiulia_DTS;2006;9;1.21505;tons;File MBL2 SOL.xlsx
FriuliVeneziaGiulia_DTS;2006;10;1.68459;tons;File MBL2 SOL.xlsx
FriuliVeneziaGiulia_DTS;2006;11;1.67113;tons;File MBL2 SOL.xlsx
FriuliVeneziaGiulia_DTS;2006;12;0.67569;tons;File MBL2 SOL.xlsx
FriuliVeneziaGiulia_DTS;2007;1;1.09083;tons;File MBL2 SOL.xlsx
FriuliVeneziaGiulia_DTS;2007;2;0.5776;tons;File MBL2 SOL.xlsx
FriuliVeneziaGiulia_DTS;2007;3;0.40155;tons;File MBL2 SOL.xlsx
FriuliVeneziaGiulia_DTS;2007;4;0.49848;tons;File MBL2 SOL.xlsx
FriuliVeneziaGiulia_DTS;2007;5;0.73332;tons;File MBL2 SOL.xlsx
FriuliVeneziaGiulia_DTS;2007;6;0.49302;tons;File MBL2 SOL.xlsx
FriuliVeneziaGiulia_DTS;2007;7;0.60689;tons;File MBL2 SOL.xlsx
FriuliVeneziaGiulia_DTS;2007;8;0.25296;tons;File MBL2 SOL.xlsx
FriuliVeneziaGiulia_DTS;2007;9;1.96372;tons;File MBL2 SOL.xlsx
FriuliVeneziaGiulia_DTS;2007;10;3.33872;tons;File MBL2 SOL.xlsx
FriuliVeneziaGiulia_DTS;2007;11;2.27523;tons;File MBL2 SOL.xlsx
FriuliVeneziaGiulia_DTS;2007;12;0.71357;tons;File MBL2 SOL.xlsx
FriuliVeneziaGiulia_DTS;2008;1;0.14283;tons;File MBL2 SOL.xlsx
FriuliVeneziaGiulia_DTS;2008;2;0.02254;tons;File MBL2 SOL.xlsx
FriuliVeneziaGiulia_DTS;2008;3;0.09196;tons;File MBL2 SOL.xlsx
FriuliVeneziaGiulia_DTS;2008;4;0.39128;tons;File MBL2 SOL.xlsx
FriuliVeneziaGiulia_DTS;2008;5;0.50289;tons;File MBL2 SOL.xlsx
FriuliVeneziaGiulia_DTS;2008;6;0.56182;tons;File MBL2 SOL.xlsx
FriuliVeneziaGiulia_DTS;2008;7;0.78712;tons;File MBL2 SOL.xlsx
FriuliVeneziaGiulia_DTS;2008;9;1.14565;tons;File MBL2 SOL.xlsx
FriuliVeneziaGiulia_DTS;2008;10;2.45558;tons;File MBL2 SOL.xlsx
FriuliVeneziaGiulia_DTS;2008;11;3.82758;tons;File MBL2 SOL.xlsx
FriuliVeneziaGiulia_DTS;2008;12;2.54087;tons;File MBL2 SOL.xlsx
FriuliVeneziaGiulia_DTS;2009;1;0.38052;tons;File MBL2 SOL.xlsx
FriuliVeneziaGiulia_DTS;2009;2;0.66378;tons;File MBL2 SOL.xlsx
FriuliVeneziaGiulia_DTS;2009;3;0.82073;tons;File MBL2 SOL.xlsx
FriuliVeneziaGiulia_DTS;2009;4;1.05194;tons;File MBL2 SOL.xlsx
FriuliVeneziaGiulia_DTS;2009;5;1.5903;tons;File MBL2 SOL.xlsx
FriuliVeneziaGiulia_DTS;2009;6;3.29608;tons;File MBL2 SOL.xlsx
FriuliVeneziaGiulia_DTS;2009;7;2.52766;tons;File MBL2 SOL.xlsx
FriuliVeneziaGiulia_DTS;2009;8;0.47685;tons;File MBL2 SOL.xlsx
FriuliVeneziaGiulia_DTS;2009;9;6.31403;tons;File MBL2 SOL.xlsx
FriuliVeneziaGiulia_DTS;2009;10;8.8081;tons;File MBL2 SOL.xlsx
FriuliVeneziaGiulia_DTS;2009;11;5.25602;tons;File MBL2 SOL.xlsx
FriuliVeneziaGiulia_DTS;2009;12;2.3461;tons;File MBL2 SOL.xlsx
FriuliVeneziaGiulia_DTS;2010;1;0.55423;tons;File MBL2 SOL.xlsx
FriuliVeneziaGiulia_DTS;2010;2;0.17078;tons;File MBL2 SOL.xlsx
FriuliVeneziaGiulia_DTS;2010;3;0.37995;tons;File MBL2 SOL.xlsx
FriuliVeneziaGiulia_DTS;2010;4;0.40947;tons;File MBL2 SOL.xlsx
FriuliVeneziaGiulia_DTS;2010;5;0.65899;tons;File MBL2 SOL.xlsx
FriuliVeneziaGiulia_DTS;2010;6;0.50473;tons;File MBL2 SOL.xlsx
FriuliVeneziaGiulia_DTS;2010;7;0.36891;tons;File MBL2 SOL.xlsx
FriuliVeneziaGiulia_DTS;2010;9;6.66037;tons;File MBL2 SOL.xlsx
FriuliVeneziaGiulia_DTS;2010;10;0.51156;tons;File MBL2 SOL.xlsx
FriuliVeneziaGiulia_DTS;2010;11;1.34156;tons;File MBL2 SOL.xlsx
FriuliVeneziaGiulia_DTS;2010;12;0.81209;tons;File MBL2 SOL.xlsx
FriuliVeneziaGiulia_DTS;2011;1;2.67548;tons;File MBL2 SOL.xlsx
FriuliVeneziaGiulia_DTS;2011;2;1.09815;tons;File MBL2 SOL.xlsx
FriuliVeneziaGiulia_DTS;2011;3;0.62147;tons;File MBL2 SOL.xlsx
FriuliVeneziaGiulia_DTS;2011;4;0.88944;tons;File MBL2 SOL.xlsx
FriuliVeneziaGiulia_DTS;2011;5;0.97838;tons;File MBL2 SOL.xlsx
FriuliVeneziaGiulia_DTS;2011;6;1.10455;tons;File MBL2 SOL.xlsx
FriuliVeneziaGiulia_DTS;2011;7;2.27222;tons;File MBL2 SOL.xlsx
FriuliVeneziaGiulia_DTS;2011;8;2.31376;tons;File MBL2 SOL.xlsx
FriuliVeneziaGiulia_DTS;2011;9;0.81574;tons;File MBL2 SOL.xlsx
FriuliVeneziaGiulia_DTS;2011;10;4.25571;tons;File MBL2 SOL.xlsx
FriuliVeneziaGiulia_DTS;2011;11;6.7379;tons;File MBL2 SOL.xlsx
FriuliVeneziaGiulia_DTS;2011;12;4.68806;tons;File MBL2 SOL.xlsx
FriuliVeneziaGiulia_DTS;2012;1;0.61629;tons;File MBL2 SOL.xlsx
FriuliVeneziaGiulia_DTS;2012;2;0.01788;tons;File MBL2 SOL.xlsx
FriuliVeneziaGiulia_DTS;2012;3;0.68251;tons;File MBL2 SOL.xlsx
FriuliVeneziaGiulia_DTS;2012;4;0.26769;tons;File MBL2 SOL.xlsx
FriuliVeneziaGiulia_DTS;2012;5;0.53159;tons;File MBL2 SOL.xlsx
FriuliVeneziaGiulia_DTS;2012;6;1.37771;tons;File MBL2 SOL.xlsx
FriuliVeneziaGiulia_DTS;2012;7;1.51325;tons;File MBL2 SOL.xlsx
FriuliVeneziaGiulia_DTS;2012;8;0.89677;tons;File MBL2 SOL.xlsx
FriuliVeneziaGiulia_DTS;2012;9;1.84263;tons;File MBL2 SOL.xlsx
FriuliVeneziaGiulia_DTS;2012;10;4.7193;tons;File MBL2 SOL.xlsx
FriuliVeneziaGiulia_DTS;2012;11;2.95461;tons;File MBL2 SOL.xlsx
FriuliVeneziaGiulia_DTS;2012;12;2.30622;tons;File MBL2 SOL.xlsx
FriuliVeneziaGiulia_DTS;2013;1;0.53416;tons;File MBL2 SOL.xlsx
FriuliVeneziaGiulia_DTS;2013;2;0.06457;tons;File MBL2 SOL.xlsx
FriuliVeneziaGiulia_DTS;2013;3;0.20736;tons;File MBL2 SOL.xlsx
FriuliVeneziaGiulia_DTS;2013;4;0.62337;tons;File MBL2 SOL.xlsx
FriuliVeneziaGiulia_DTS;2013;5;0.49946;tons;File MBL2 SOL.xlsx
FriuliVeneziaGiulia_DTS;2013;6;1.13235;tons;File MBL2 SOL.xlsx
FriuliVeneziaGiulia_DTS;2013;7;0.10791;tons;File MBL2 SOL.xlsx
FriuliVeneziaGiulia_DTS;2013;8;0.02391;tons;File MBL2 SOL.xlsx
FriuliVeneziaGiulia_DTS;2013;9;0.79716;tons;File MBL2 SOL.xlsx
FriuliVeneziaGiulia_DTS;2013;10;1.91753;tons;File MBL2 SOL.xlsx
FriuliVeneziaGiulia_DTS;2013;11;4.02635;tons;File MBL2 SOL.xlsx
FriuliVeneziaGiulia_DTS;2013;12;10.13564;tons;File MBL2 SOL.xlsx
FriuliVeneziaGiulia_DTS;2014;1;0.66261;tons;File MBL2 SOL.xlsx
FriuliVeneziaGiulia_DTS;2014;2;0.3156;tons;File MBL2 SOL.xlsx
FriuliVeneziaGiulia_DTS;2014;3;1.44777;tons;File MBL2 SOL.xlsx
FriuliVeneziaGiulia_DTS;2014;4;0.82798;tons;File MBL2 SOL.xlsx
FriuliVeneziaGiulia_DTS;2014;5;1.31714;tons;File MBL2 SOL.xlsx
FriuliVeneziaGiulia_DTS;2014;6;1.21351;tons;File MBL2 SOL.xlsx
FriuliVeneziaGiulia_DTS;2014;7;1.19276;tons;File MBL2 SOL.xlsx
FriuliVeneziaGiulia_DTS;2014;9;1.61055;tons;File MBL2 SOL.xlsx
FriuliVeneziaGiulia_DTS;2014;10;2.83788;tons;File MBL2 SOL.xlsx
FriuliVeneziaGiulia_DTS;2014;11;1.16668;tons;File MBL2 SOL.xlsx
FriuliVeneziaGiulia_DTS;2014;12;1.33822;tons;File MBL2 SOL.xlsx
FriuliVeneziaGiulia_DTS;2015;1;0.72504;tons;File MBL2 SOL.xlsx
FriuliVeneziaGiulia_DTS;2015;2;0.43929;tons;File MBL2 SOL.xlsx
FriuliVeneziaGiulia_DTS;2015;3;2.17995;tons;File MBL2 SOL.xlsx
FriuliVeneziaGiulia_DTS;2015;4;1.82249;tons;File MBL2 SOL.xlsx
FriuliVeneziaGiulia_DTS;2015;5;2.16963;tons;File MBL2 SOL.xlsx
FriuliVeneziaGiulia_DTS;2015;6;3.06417;tons;File MBL2 SOL.xlsx
FriuliVeneziaGiulia_DTS;2015;7;1.01685;tons;File MBL2 SOL.xlsx
FriuliVeneziaGiulia_DTS;2015;9;3.06732;tons;File MBL2 SOL.xlsx
FriuliVeneziaGiulia_DTS;2015;10;4.81868;tons;File MBL2 SOL.xlsx
FriuliVeneziaGiulia_DTS;2015;11;2.71629;tons;File MBL2 SOL.xlsx
FriuliVeneziaGiulia_DTS;2015;12;3.88495;tons;File MBL2 SOL.xlsx
FriuliVeneziaGiulia_DTS;2016;1;1.30955;tons;File MBL2 SOL.xlsx
FriuliVeneziaGiulia_DTS;2016;2;0.94694;tons;File MBL2 SOL.xlsx
FriuliVeneziaGiulia_DTS;2016;3;1.33878;tons;File MBL2 SOL.xlsx
FriuliVeneziaGiulia_DTS;2016;4;1.54134;tons;File MBL2 SOL.xlsx
FriuliVeneziaGiulia_DTS;2016;5;1.84814;tons;File MBL2 SOL.xlsx
FriuliVeneziaGiulia_DTS;2016;6;1.62474;tons;File MBL2 SOL.xlsx
FriuliVeneziaGiulia_DTS;2016;7;1.53962;tons;File MBL2 SOL.xlsx
FriuliVeneziaGiulia_DTS;2016;9;2.31913;tons;File MBL2 SOL.xlsx
FriuliVeneziaGiulia_DTS;2016;10;1.68729;tons;File MBL2 SOL.xlsx
FriuliVeneziaGiulia_DTS;2016;11;1.90305;tons;File MBL2 SOL.xlsx
FriuliVeneziaGiulia_DTS;2016;12;1.40043;tons;File MBL2 SOL.xlsx
FriuliVeneziaGiulia_DTS;2017;1;0.48537;tons;File MBL2 SOL.xlsx
FriuliVeneziaGiulia_DTS;2017;2;0.27572;tons;File MBL2 SOL.xlsx
FriuliVeneziaGiulia_DTS;2017;3;1.22258;tons;File MBL2 SOL.xlsx
FriuliVeneziaGiulia_DTS;2017;4;1.9738;tons;File MBL2 SOL.xlsx
FriuliVeneziaGiulia_DTS;2017;5;3.30456;tons;File MBL2 SOL.xlsx
FriuliVeneziaGiulia_DTS;2017;6;3.918;tons;File MBL2 SOL.xlsx
FriuliVeneziaGiulia_DTS;2017;7;3.69682;tons;File MBL2 SOL.xlsx
FriuliVeneziaGiulia_DTS;2017;9;1.37789;tons;File MBL2 SOL.xlsx
FriuliVeneziaGiulia_DTS;2017;10;1.29524;tons;File MBL2 SOL.xlsx
FriuliVeneziaGiulia_DTS;2017;11;2.76357;tons;File MBL2 SOL.xlsx
FriuliVeneziaGiulia_DTS;2017;12;0.0822;tons;File MBL2 SOL.xlsx
FriuliVeneziaGiulia_DTS;2018;1;1.61804;tons;File MBL2 SOL.xlsx
FriuliVeneziaGiulia_DTS;2018;2;0.97048;tons;File MBL2 SOL.xlsx
FriuliVeneziaGiulia_DTS;2018;3;1.98649;tons;File MBL2 SOL.xlsx
FriuliVeneziaGiulia_DTS;2018;4;2.12687;tons;File MBL2 SOL.xlsx
FriuliVeneziaGiulia_DTS;2018;5;3.1276;tons;File MBL2 SOL.xlsx
FriuliVeneziaGiulia_DTS;2018;6;4.2899;tons;File MBL2 SOL.xlsx
FriuliVeneziaGiulia_DTS;2018;7;2.813;tons;File MBL2 SOL.xlsx
FriuliVeneziaGiulia_DTS;2018;9;2.65078;tons;File MBL2 SOL.xlsx
FriuliVeneziaGiulia_DTS;2018;10;3.57597;tons;File MBL2 SOL.xlsx
FriuliVeneziaGiulia_DTS;2018;11;3.30928;tons;File MBL2 SOL.xlsx
FriuliVeneziaGiulia_DTS;2018;12;2.22553;tons;File MBL2 SOL.xlsx
FriuliVeneziaGiulia_PGP;2005;1;0.2244;tons;File MBL2 SOL.xlsx
FriuliVeneziaGiulia_PGP;2005;3;0.06366;tons;File MBL2 SOL.xlsx
FriuliVeneziaGiulia_PGP;2005;4;2.80634;tons;File MBL2 SOL.xlsx
FriuliVeneziaGiulia_PGP;2005;5;3.61692;tons;File MBL2 SOL.xlsx
FriuliVeneziaGiulia_PGP;2005;6;9.07332;tons;File MBL2 SOL.xlsx
FriuliVeneziaGiulia_PGP;2005;7;3.87359;tons;File MBL2 SOL.xlsx
FriuliVeneziaGiulia_PGP;2005;8;13.48461;tons;File MBL2 SOL.xlsx
FriuliVeneziaGiulia_PGP;2005;9;9.09245;tons;File MBL2 SOL.xlsx
FriuliVeneziaGiulia_PGP;2005;10;15.63481;tons;File MBL2 SOL.xlsx
FriuliVeneziaGiulia_PGP;2005;11;28.001;tons;File MBL2 SOL.xlsx
FriuliVeneziaGiulia_PGP;2005;12;14.15564;tons;File MBL2 SOL.xlsx
FriuliVeneziaGiulia_PGP;2006;1;0.21077;tons;File MBL2 SOL.xlsx
FriuliVeneziaGiulia_PGP;2006;2;0.25325;tons;File MBL2 SOL.xlsx
FriuliVeneziaGiulia_PGP;2006;3;1.71208;tons;File MBL2 SOL.xlsx
FriuliVeneziaGiulia_PGP;2006;4;1.84015;tons;File MBL2 SOL.xlsx
FriuliVeneziaGiulia_PGP;2006;5;1.73705;tons;File MBL2 SOL.xlsx
FriuliVeneziaGiulia_PGP;2006;6;2.08584;tons;File MBL2 SOL.xlsx
FriuliVeneziaGiulia_PGP;2006;7;4.12721;tons;File MBL2 SOL.xlsx
FriuliVeneziaGiulia_PGP;2006;8;10.46509;tons;File MBL2 SOL.xlsx
FriuliVeneziaGiulia_PGP;2006;9;2.88336;tons;File MBL2 SOL.xlsx
FriuliVeneziaGiulia_PGP;2006;10;6.00989;tons;File MBL2 SOL.xlsx
FriuliVeneziaGiulia_PGP;2006;11;11.34084;tons;File MBL2 SOL.xlsx
FriuliVeneziaGiulia_PGP;2006;12;8.10226;tons;File MBL2 SOL.xlsx
FriuliVeneziaGiulia_PGP;2007;1;0.72135;tons;File MBL2 SOL.xlsx
FriuliVeneziaGiulia_PGP;2007;2;1.04235;tons;File MBL2 SOL.xlsx
FriuliVeneziaGiulia_PGP;2007;3;0.83034;tons;File MBL2 SOL.xlsx
FriuliVeneziaGiulia_PGP;2007;4;1.58367;tons;File MBL2 SOL.xlsx
FriuliVeneziaGiulia_PGP;2007;5;3.34436;tons;File MBL2 SOL.xlsx
FriuliVeneziaGiulia_PGP;2007;6;5.93849;tons;File MBL2 SOL.xlsx
FriuliVeneziaGiulia_PGP;2007;7;2.80322;tons;File MBL2 SOL.xlsx
FriuliVeneziaGiulia_PGP;2007;8;2.19686;tons;File MBL2 SOL.xlsx
FriuliVeneziaGiulia_PGP;2007;9;1.19626;tons;File MBL2 SOL.xlsx
FriuliVeneziaGiulia_PGP;2007;10;4.61406;tons;File MBL2 SOL.xlsx
FriuliVeneziaGiulia_PGP;2007;11;17.93719;tons;File MBL2 SOL.xlsx
FriuliVeneziaGiulia_PGP;2007;12;3.81106;tons;File MBL2 SOL.xlsx
FriuliVeneziaGiulia_PGP;2008;1;1.16658;tons;File MBL2 SOL.xlsx
FriuliVeneziaGiulia_PGP;2008;2;0.00473;tons;File MBL2 SOL.xlsx
FriuliVeneziaGiulia_PGP;2008;3;0.63099;tons;File MBL2 SOL.xlsx
FriuliVeneziaGiulia_PGP;2008;4;0.86354;tons;File MBL2 SOL.xlsx
FriuliVeneziaGiulia_PGP;2008;5;1.41177;tons;File MBL2 SOL.xlsx
FriuliVeneziaGiulia_PGP;2008;6;3.76308;tons;File MBL2 SOL.xlsx
FriuliVeneziaGiulia_PGP;2008;7;3.65314;tons;File MBL2 SOL.xlsx
FriuliVeneziaGiulia_PGP;2008;8;7.75455;tons;File MBL2 SOL.xlsx
FriuliVeneziaGiulia_PGP;2008;9;4.59477;tons;File MBL2 SOL.xlsx
FriuliVeneziaGiulia_PGP;2008;10;4.66113;tons;File MBL2 SOL.xlsx
FriuliVeneziaGiulia_PGP;2008;11;5.5483;tons;File MBL2 SOL.xlsx
FriuliVeneziaGiulia_PGP;2008;12;3.80777;tons;File MBL2 SOL.xlsx
FriuliVeneziaGiulia_PGP;2009;1;0.38082;tons;File MBL2 SOL.xlsx
FriuliVeneziaGiulia_PGP;2009;2;0.0758;tons;File MBL2 SOL.xlsx
FriuliVeneziaGiulia_PGP;2009;3;1.0232;tons;File MBL2 SOL.xlsx
FriuliVeneziaGiulia_PGP;2009;4;2.53168;tons;File MBL2 SOL.xlsx
FriuliVeneziaGiulia_PGP;2009;5;1.88618;tons;File MBL2 SOL.xlsx
FriuliVeneziaGiulia_PGP;2009;6;5.16477;tons;File MBL2 SOL.xlsx
FriuliVeneziaGiulia_PGP;2009;7;7.49734;tons;File MBL2 SOL.xlsx
FriuliVeneziaGiulia_PGP;2009;8;10.89745;tons;File MBL2 SOL.xlsx
FriuliVeneziaGiulia_PGP;2009;9;5.5287;tons;File MBL2 SOL.xlsx
FriuliVeneziaGiulia_PGP;2009;10;8.37851;tons;File MBL2 SOL.xlsx
FriuliVeneziaGiulia_PGP;2009;11;13.96514;tons;File MBL2 SOL.xlsx
FriuliVeneziaGiulia_PGP;2009;12;3.10497;tons;File MBL2 SOL.xlsx
FriuliVeneziaGiulia_PGP;2010;1;0.15662;tons;File MBL2 SOL.xlsx
FriuliVeneziaGiulia_PGP;2010;2;0.24808;tons;File MBL2 SOL.xlsx
FriuliVeneziaGiulia_PGP;2010;3;1.50581;tons;File MBL2 SOL.xlsx
FriuliVeneziaGiulia_PGP;2010;4;3.78691;tons;File MBL2 SOL.xlsx
FriuliVeneziaGiulia_PGP;2010;5;1.52997;tons;File MBL2 SOL.xlsx
FriuliVeneziaGiulia_PGP;2010;6;3.5433;tons;File MBL2 SOL.xlsx
FriuliVeneziaGiulia_PGP;2010;7;8.03234;tons;File MBL2 SOL.xlsx
FriuliVeneziaGiulia_PGP;2010;8;7.42663;tons;File MBL2 SOL.xlsx
FriuliVeneziaGiulia_PGP;2010;9;3.75058;tons;File MBL2 SOL.xlsx
FriuliVeneziaGiulia_PGP;2010;10;7.79571;tons;File MBL2 SOL.xlsx
FriuliVeneziaGiulia_PGP;2010;11;6.14694;tons;File MBL2 SOL.xlsx
FriuliVeneziaGiulia_PGP;2010;12;1.98532;tons;File MBL2 SOL.xlsx
FriuliVeneziaGiulia_PGP;2011;1;0.12595;tons;File MBL2 SOL.xlsx
FriuliVeneziaGiulia_PGP;2011;2;0.52611;tons;File MBL2 SOL.xlsx
FriuliVeneziaGiulia_PGP;2011;3;0.96348;tons;File MBL2 SOL.xlsx
FriuliVeneziaGiulia_PGP;2011;4;4.64376;tons;File MBL2 SOL.xlsx
FriuliVeneziaGiulia_PGP;2011;5;3.52508;tons;File MBL2 SOL.xlsx
FriuliVeneziaGiulia_PGP;2011;6;6.47465;tons;File MBL2 SOL.xlsx
FriuliVeneziaGiulia_PGP;2011;7;4.2916;tons;File MBL2 SOL.xlsx
FriuliVeneziaGiulia_PGP;2011;8;11.92083;tons;File MBL2 SOL.xlsx
FriuliVeneziaGiulia_PGP;2011;9;6.80686;tons;File MBL2 SOL.xlsx
FriuliVeneziaGiulia_PGP;2011;10;14.14534;tons;File MBL2 SOL.xlsx
FriuliVeneziaGiulia_PGP;2011;11;20.18378;tons;File MBL2 SOL.xlsx
FriuliVeneziaGiulia_PGP;2011;12;4.81565;tons;File MBL2 SOL.xlsx
FriuliVeneziaGiulia_PGP;2012;1;0.12093;tons;File MBL2 SOL.xlsx
FriuliVeneziaGiulia_PGP;2012;2;0.26446;tons;File MBL2 SOL.xlsx
FriuliVeneziaGiulia_PGP;2012;3;3.10314;tons;File MBL2 SOL.xlsx
FriuliVeneziaGiulia_PGP;2012;4;4.69974;tons;File MBL2 SOL.xlsx
FriuliVeneziaGiulia_PGP;2012;5;3.17671;tons;File MBL2 SOL.xlsx
FriuliVeneziaGiulia_PGP;2012;6;4.56889;tons;File MBL2 SOL.xlsx
FriuliVeneziaGiulia_PGP;2012;7;4.85107;tons;File MBL2 SOL.xlsx
FriuliVeneziaGiulia_PGP;2012;8;4.59031;tons;File MBL2 SOL.xlsx
FriuliVeneziaGiulia_PGP;2012;9;2.72385;tons;File MBL2 SOL.xlsx
FriuliVeneziaGiulia_PGP;2012;10;16.14296;tons;File MBL2 SOL.xlsx
FriuliVeneziaGiulia_PGP;2012;11;4.72526;tons;File MBL2 SOL.xlsx
FriuliVeneziaGiulia_PGP;2012;12;1.9972;tons;File MBL2 SOL.xlsx
FriuliVeneziaGiulia_PGP;2013;1;4.48686;tons;File MBL2 SOL.xlsx
FriuliVeneziaGiulia_PGP;2013;2;0.44346;tons;File MBL2 SOL.xlsx
FriuliVeneziaGiulia_PGP;2013;3;0.62325;tons;File MBL2 SOL.xlsx
FriuliVeneziaGiulia_PGP;2013;4;0.96988;tons;File MBL2 SOL.xlsx
FriuliVeneziaGiulia_PGP;2013;5;0.33328;tons;File MBL2 SOL.xlsx
FriuliVeneziaGiulia_PGP;2013;6;1.14076;tons;File MBL2 SOL.xlsx
FriuliVeneziaGiulia_PGP;2013;7;0.66231;tons;File MBL2 SOL.xlsx
FriuliVeneziaGiulia_PGP;2013;8;0.89862;tons;File MBL2 SOL.xlsx
FriuliVeneziaGiulia_PGP;2013;9;0.61762;tons;File MBL2 SOL.xlsx
FriuliVeneziaGiulia_PGP;2013;10;9.05881;tons;File MBL2 SOL.xlsx
FriuliVeneziaGiulia_PGP;2013;11;8.13665;tons;File MBL2 SOL.xlsx
FriuliVeneziaGiulia_PGP;2013;12;19.133;tons;File MBL2 SOL.xlsx
FriuliVeneziaGiulia_PGP;2014;1;0.41162;tons;File MBL2 SOL.xlsx
FriuliVeneziaGiulia_PGP;2014;2;0.06471;tons;File MBL2 SOL.xlsx
FriuliVeneziaGiulia_PGP;2014;3;0.81786;tons;File MBL2 SOL.xlsx
FriuliVeneziaGiulia_PGP;2014;4;0.44117;tons;File MBL2 SOL.xlsx
FriuliVeneziaGiulia_PGP;2014;5;1.69023;tons;File MBL2 SOL.xlsx
FriuliVeneziaGiulia_PGP;2014;6;0.55408;tons;File MBL2 SOL.xlsx
FriuliVeneziaGiulia_PGP;2014;7;1.73381;tons;File MBL2 SOL.xlsx
FriuliVeneziaGiulia_PGP;2014;8;0.07024;tons;File MBL2 SOL.xlsx
FriuliVeneziaGiulia_PGP;2014;9;0.74018;tons;File MBL2 SOL.xlsx
FriuliVeneziaGiulia_PGP;2014;10;3.09898;tons;File MBL2 SOL.xlsx
FriuliVeneziaGiulia_PGP;2014;11;10.98358;tons;File MBL2 SOL.xlsx
FriuliVeneziaGiulia_PGP;2014;12;13.54564;tons;File MBL2 SOL.xlsx
FriuliVeneziaGiulia_PGP;2015;1;0.34727;tons;File MBL2 SOL.xlsx
FriuliVeneziaGiulia_PGP;2015;2;0.45667;tons;File MBL2 SOL.xlsx
FriuliVeneziaGiulia_PGP;2015;3;1.1219;tons;File MBL2 SOL.xlsx
FriuliVeneziaGiulia_PGP;2015;4;1.99483;tons;File MBL2 SOL.xlsx
FriuliVeneziaGiulia_PGP;2015;5;2.11689;tons;File MBL2 SOL.xlsx
FriuliVeneziaGiulia_PGP;2015;6;6.0618;tons;File MBL2 SOL.xlsx
FriuliVeneziaGiulia_PGP;2015;7;3.42157;tons;File MBL2 SOL.xlsx
FriuliVeneziaGiulia_PGP;2015;8;1.99723;tons;File MBL2 SOL.xlsx
FriuliVeneziaGiulia_PGP;2015;9;1.29134;tons;File MBL2 SOL.xlsx
FriuliVeneziaGiulia_PGP;2015;10;2.30401;tons;File MBL2 SOL.xlsx
FriuliVeneziaGiulia_PGP;2015;11;17.57179;tons;File MBL2 SOL.xlsx
FriuliVeneziaGiulia_PGP;2015;12;10.51096;tons;File MBL2 SOL.xlsx
FriuliVeneziaGiulia_PGP;2016;1;0.49962;tons;File MBL2 SOL.xlsx
FriuliVeneziaGiulia_PGP;2016;3;0.8356;tons;File MBL2 SOL.xlsx
FriuliVeneziaGiulia_PGP;2016;4;2.59991;tons;File MBL2 SOL.xlsx
FriuliVeneziaGiulia_PGP;2016;5;4.88126;tons;File MBL2 SOL.xlsx
FriuliVeneziaGiulia_PGP;2016;6;4.3947;tons;File MBL2 SOL.xlsx
FriuliVeneziaGiulia_PGP;2016;7;1.44737;tons;File MBL2 SOL.xlsx
FriuliVeneziaGiulia_PGP;2016;8;1.44099;tons;File MBL2 SOL.xlsx
FriuliVeneziaGiulia_PGP;2016;9;0.72599;tons;File MBL2 SOL.xlsx
FriuliVeneziaGiulia_PGP;2016;10;1.472;tons;File MBL2 SOL.xlsx
FriuliVeneziaGiulia_PGP;2016;11;6.59812;tons;File MBL2 SOL.xlsx
FriuliVeneziaGiulia_PGP;2016;12;3.89244;tons;File MBL2 SOL.xlsx
FriuliVeneziaGiulia_PGP;2017;1;1.43621;tons;File MBL2 SOL.xlsx
FriuliVeneziaGiulia_PGP;2017;2;0.7912;tons;File MBL2 SOL.xlsx
FriuliVeneziaGiulia_PGP;2017;3;2.39009;tons;File MBL2 SOL.xlsx
FriuliVeneziaGiulia_PGP;2017;4;1.36999;tons;File MBL2 SOL.xlsx
FriuliVeneziaGiulia_PGP;2017;5;2.41384;tons;File MBL2 SOL.xlsx
FriuliVeneziaGiulia_PGP;2017;6;4.0606;tons;File MBL2 SOL.xlsx
FriuliVeneziaGiulia_PGP;2017;7;1.61461;tons;File MBL2 SOL.xlsx
FriuliVeneziaGiulia_PGP;2017;8;1.53445;tons;File MBL2 SOL.xlsx
FriuliVeneziaGiulia_PGP;2017;9;2.40168;tons;File MBL2 SOL.xlsx
FriuliVeneziaGiulia_PGP;2017;10;6.29545;tons;File MBL2 SOL.xlsx
FriuliVeneziaGiulia_PGP;2017;11;15.44913;tons;File MBL2 SOL.xlsx
FriuliVeneziaGiulia_PGP;2017;12;7.35938;tons;File MBL2 SOL.xlsx
FriuliVeneziaGiulia_PGP;2018;1;1.62105;tons;File MBL2 SOL.xlsx
FriuliVeneziaGiulia_PGP;2018;2;0.16311;tons;File MBL2 SOL.xlsx
FriuliVeneziaGiulia_PGP;2018;3;1.54599;tons;File MBL2 SOL.xlsx
FriuliVeneziaGiulia_PGP;2018;4;5.55539;tons;File MBL2 SOL.xlsx
FriuliVeneziaGiulia_PGP;2018;5;3.53301;tons;File MBL2 SOL.xlsx
FriuliVeneziaGiulia_PGP;2018;6;3.97;tons;File MBL2 SOL.xlsx
FriuliVeneziaGiulia_PGP;2018;7;1.07545;tons;File MBL2 SOL.xlsx
FriuliVeneziaGiulia_PGP;2018;8;1.41122;tons;File MBL2 SOL.xlsx
FriuliVeneziaGiulia_PGP;2018;9;2.02389;tons;File MBL2 SOL.xlsx
FriuliVeneziaGiulia_PGP;2018;10;6.44251;tons;File MBL2 SOL.xlsx
FriuliVeneziaGiulia_PGP;2018;11;11.86534;tons;File MBL2 SOL.xlsx
FriuliVeneziaGiulia_PGP;2018;12;16.97895;tons;File MBL2 SOL.xlsx
FriuliVeneziaGiulia_PS;2015;4;0.00105;tons;File MBL2 SOL.xlsx
FriuliVeneziaGiulia_PS;2015;6;0.00105;tons;File MBL2 SOL.xlsx
FriuliVeneziaGiulia_PS;2015;9;0.00213;tons;File MBL2 SOL.xlsx
FriuliVeneziaGiulia_PS;2017;6;0.15685;tons;File MBL2 SOL.xlsx
FriuliVeneziaGiulia_PS;2018;1;0.17717;tons;File MBL2 SOL.xlsx
FriuliVeneziaGiulia_PS;2018;2;0.028;tons;File MBL2 SOL.xlsx
FriuliVeneziaGiulia_PS;2018;3;0.08516;tons;File MBL2 SOL.xlsx
FriuliVeneziaGiulia_PS;2018;11;0.36127;tons;File MBL2 SOL.xlsx
FriuliVeneziaGiulia_PS;2018;12;0.60279;tons;File MBL2 SOL.xlsx
FriuliVeneziaGiulia_TBB;2005;1;0.23811;tons;File MBL2 SOL.xlsx
FriuliVeneziaGiulia_TBB;2005;2;0.20941;tons;File MBL2 SOL.xlsx
FriuliVeneziaGiulia_TBB;2005;3;0.36018;tons;File MBL2 SOL.xlsx
FriuliVeneziaGiulia_TBB;2005;4;0.40598;tons;File MBL2 SOL.xlsx
FriuliVeneziaGiulia_TBB;2005;5;0.29982;tons;File MBL2 SOL.xlsx
FriuliVeneziaGiulia_TBB;2005;6;2.44097;tons;File MBL2 SOL.xlsx
FriuliVeneziaGiulia_TBB;2005;7;1.55981;tons;File MBL2 SOL.xlsx
FriuliVeneziaGiulia_TBB;2005;9;4.99657;tons;File MBL2 SOL.xlsx
FriuliVeneziaGiulia_TBB;2005;10;2.15384;tons;File MBL2 SOL.xlsx
FriuliVeneziaGiulia_TBB;2005;11;1.90135;tons;File MBL2 SOL.xlsx
FriuliVeneziaGiulia_TBB;2005;12;0.43646;tons;File MBL2 SOL.xlsx
FriuliVeneziaGiulia_TBB;2006;1;0.20579;tons;File MBL2 SOL.xlsx
FriuliVeneziaGiulia_TBB;2006;2;0.21742;tons;File MBL2 SOL.xlsx
FriuliVeneziaGiulia_TBB;2006;3;0.3701;tons;File MBL2 SOL.xlsx
FriuliVeneziaGiulia_TBB;2006;4;0.2538;tons;File MBL2 SOL.xlsx
FriuliVeneziaGiulia_TBB;2006;5;2.27086;tons;File MBL2 SOL.xlsx
FriuliVeneziaGiulia_TBB;2006;6;1.02766;tons;File MBL2 SOL.xlsx
FriuliVeneziaGiulia_TBB;2006;7;2.22248;tons;File MBL2 SOL.xlsx
FriuliVeneziaGiulia_TBB;2006;8;0.60837;tons;File MBL2 SOL.xlsx
FriuliVeneziaGiulia_TBB;2006;9;1.83274;tons;File MBL2 SOL.xlsx
FriuliVeneziaGiulia_TBB;2006;10;4.5835;tons;File MBL2 SOL.xlsx
FriuliVeneziaGiulia_TBB;2006;11;2.90985;tons;File MBL2 SOL.xlsx
FriuliVeneziaGiulia_TBB;2006;12;1.81586;tons;File MBL2 SOL.xlsx
FriuliVeneziaGiulia_TBB;2007;1;2.64075;tons;File MBL2 SOL.xlsx
FriuliVeneziaGiulia_TBB;2007;2;4.54317;tons;File MBL2 SOL.xlsx
FriuliVeneziaGiulia_TBB;2007;3;3.18366;tons;File MBL2 SOL.xlsx
FriuliVeneziaGiulia_TBB;2007;4;3.20604;tons;File MBL2 SOL.xlsx
FriuliVeneziaGiulia_TBB;2007;5;3.82429;tons;File MBL2 SOL.xlsx
FriuliVeneziaGiulia_TBB;2007;6;3.57559;tons;File MBL2 SOL.xlsx
FriuliVeneziaGiulia_TBB;2007;7;2.58618;tons;File MBL2 SOL.xlsx
FriuliVeneziaGiulia_TBB;2007;8;0.53173;tons;File MBL2 SOL.xlsx
FriuliVeneziaGiulia_TBB;2007;9;4.58081;tons;File MBL2 SOL.xlsx
FriuliVeneziaGiulia_TBB;2007;10;6.76592;tons;File MBL2 SOL.xlsx
FriuliVeneziaGiulia_TBB;2007;11;3.83108;tons;File MBL2 SOL.xlsx
FriuliVeneziaGiulia_TBB;2007;12;3.32738;tons;File MBL2 SOL.xlsx
FriuliVeneziaGiulia_TBB;2008;1;2.18411;tons;File MBL2 SOL.xlsx
FriuliVeneziaGiulia_TBB;2008;2;2.08866;tons;File MBL2 SOL.xlsx
FriuliVeneziaGiulia_TBB;2008;3;2.60674;tons;File MBL2 SOL.xlsx
FriuliVeneziaGiulia_TBB;2008;4;1.91759;tons;File MBL2 SOL.xlsx
FriuliVeneziaGiulia_TBB;2008;5;1.08389;tons;File MBL2 SOL.xlsx
FriuliVeneziaGiulia_TBB;2008;6;1.4221;tons;File MBL2 SOL.xlsx
FriuliVeneziaGiulia_TBB;2008;7;1.58109;tons;File MBL2 SOL.xlsx
FriuliVeneziaGiulia_TBB;2008;8;0.0413;tons;File MBL2 SOL.xlsx
FriuliVeneziaGiulia_TBB;2008;9;7.48595;tons;File MBL2 SOL.xlsx
FriuliVeneziaGiulia_TBB;2008;10;11.71733;tons;File MBL2 SOL.xlsx
FriuliVeneziaGiulia_TBB;2008;11;13.53389;tons;File MBL2 SOL.xlsx
FriuliVeneziaGiulia_TBB;2008;12;4.66686;tons;File MBL2 SOL.xlsx
FriuliVeneziaGiulia_TBB;2009;1;3.74713;tons;File MBL2 SOL.xlsx
FriuliVeneziaGiulia_TBB;2009;2;5.01166;tons;File MBL2 SOL.xlsx
FriuliVeneziaGiulia_TBB;2009;3;9.43179;tons;File MBL2 SOL.xlsx
FriuliVeneziaGiulia_TBB;2009;4;6.59578;tons;File MBL2 SOL.xlsx
FriuliVeneziaGiulia_TBB;2009;5;3.7952;tons;File MBL2 SOL.xlsx
FriuliVeneziaGiulia_TBB;2009;6;3.71647;tons;File MBL2 SOL.xlsx
FriuliVeneziaGiulia_TBB;2009;7;4.14179;tons;File MBL2 SOL.xlsx
FriuliVeneziaGiulia_TBB;2009;8;0.32813;tons;File MBL2 SOL.xlsx
FriuliVeneziaGiulia_TBB;2009;9;4.31308;tons;File MBL2 SOL.xlsx
FriuliVeneziaGiulia_TBB;2009;10;5.23804;tons;File MBL2 SOL.xlsx
FriuliVeneziaGiulia_TBB;2009;11;4.10511;tons;File MBL2 SOL.xlsx
FriuliVeneziaGiulia_TBB;2009;12;2.1938;tons;File MBL2 SOL.xlsx
FriuliVeneziaGiulia_TBB;2010;1;3.03682;tons;File MBL2 SOL.xlsx
FriuliVeneziaGiulia_TBB;2010;2;2.78508;tons;File MBL2 SOL.xlsx
FriuliVeneziaGiulia_TBB;2010;3;2.46404;tons;File MBL2 SOL.xlsx
FriuliVeneziaGiulia_TBB;2010;4;2.09319;tons;File MBL2 SOL.xlsx
FriuliVeneziaGiulia_TBB;2010;5;1.37713;tons;File MBL2 SOL.xlsx
FriuliVeneziaGiulia_TBB;2010;6;1.46499;tons;File MBL2 SOL.xlsx
FriuliVeneziaGiulia_TBB;2010;7;0.48908;tons;File MBL2 SOL.xlsx
FriuliVeneziaGiulia_TBB;2010;9;2.35023;tons;File MBL2 SOL.xlsx
FriuliVeneziaGiulia_TBB;2010;10;2.57096;tons;File MBL2 SOL.xlsx
FriuliVeneziaGiulia_TBB;2010;11;4.13506;tons;File MBL2 SOL.xlsx
FriuliVeneziaGiulia_TBB;2010;12;3.38907;tons;File MBL2 SOL.xlsx
FriuliVeneziaGiulia_TBB;2011;1;3.37592;tons;File MBL2 SOL.xlsx
FriuliVeneziaGiulia_TBB;2011;2;2.74892;tons;File MBL2 SOL.xlsx
FriuliVeneziaGiulia_TBB;2011;3;1.52298;tons;File MBL2 SOL.xlsx
FriuliVeneziaGiulia_TBB;2011;4;1.34819;tons;File MBL2 SOL.xlsx
FriuliVeneziaGiulia_TBB;2011;5;1.34097;tons;File MBL2 SOL.xlsx
FriuliVeneziaGiulia_TBB;2011;6;1.6444;tons;File MBL2 SOL.xlsx
FriuliVeneziaGiulia_TBB;2011;7;0.31885;tons;File MBL2 SOL.xlsx
FriuliVeneziaGiulia_TBB;2011;10;0.57687;tons;File MBL2 SOL.xlsx
FriuliVeneziaGiulia_TBB;2011;11;0.85768;tons;File MBL2 SOL.xlsx
FriuliVeneziaGiulia_TBB;2011;12;0.331;tons;File MBL2 SOL.xlsx
FriuliVeneziaGiulia_TBB;2012;1;2.83952;tons;File MBL2 SOL.xlsx
FriuliVeneziaGiulia_TBB;2012;2;0.77528;tons;File MBL2 SOL.xlsx
FriuliVeneziaGiulia_TBB;2012;3;2.04707;tons;File MBL2 SOL.xlsx
FriuliVeneziaGiulia_TBB;2012;4;2.57556;tons;File MBL2 SOL.xlsx
FriuliVeneziaGiulia_TBB;2012;5;3.11765;tons;File MBL2 SOL.xlsx
FriuliVeneziaGiulia_TBB;2012;6;3.44792;tons;File MBL2 SOL.xlsx
FriuliVeneziaGiulia_TBB;2012;7;0.99861;tons;File MBL2 SOL.xlsx
FriuliVeneziaGiulia_TBB;2012;8;0.67305;tons;File MBL2 SOL.xlsx
FriuliVeneziaGiulia_TBB;2012;9;2.67268;tons;File MBL2 SOL.xlsx
FriuliVeneziaGiulia_TBB;2012;10;6.07002;tons;File MBL2 SOL.xlsx
FriuliVeneziaGiulia_TBB;2012;11;6.51683;tons;File MBL2 SOL.xlsx
FriuliVeneziaGiulia_TBB;2012;12;5.20984;tons;File MBL2 SOL.xlsx
FriuliVeneziaGiulia_TBB;2013;1;5.46981;tons;File MBL2 SOL.xlsx
FriuliVeneziaGiulia_TBB;2013;2;3.10018;tons;File MBL2 SOL.xlsx
FriuliVeneziaGiulia_TBB;2013;3;2.73943;tons;File MBL2 SOL.xlsx
FriuliVeneziaGiulia_TBB;2013;4;3.63511;tons;File MBL2 SOL.xlsx
FriuliVeneziaGiulia_TBB;2013;5;3.82156;tons;File MBL2 SOL.xlsx
FriuliVeneziaGiulia_TBB;2013;6;6.353;tons;File MBL2 SOL.xlsx
FriuliVeneziaGiulia_TBB;2013;7;3.78462;tons;File MBL2 SOL.xlsx
FriuliVeneziaGiulia_TBB;2013;9;10.54587;tons;File MBL2 SOL.xlsx
FriuliVeneziaGiulia_TBB;2013;10;11.5119;tons;File MBL2 SOL.xlsx
FriuliVeneziaGiulia_TBB;2013;11;10.17565;tons;File MBL2 SOL.xlsx
FriuliVeneziaGiulia_TBB;2013;12;6.20171;tons;File MBL2 SOL.xlsx
FriuliVeneziaGiulia_TBB;2014;1;5.05291;tons;File MBL2 SOL.xlsx
FriuliVeneziaGiulia_TBB;2014;2;3.89664;tons;File MBL2 SOL.xlsx
FriuliVeneziaGiulia_TBB;2014;3;6.54865;tons;File MBL2 SOL.xlsx
FriuliVeneziaGiulia_TBB;2014;4;5.0394;tons;File MBL2 SOL.xlsx
FriuliVeneziaGiulia_TBB;2014;5;4.07177;tons;File MBL2 SOL.xlsx
FriuliVeneziaGiulia_TBB;2014;6;2.26564;tons;File MBL2 SOL.xlsx
FriuliVeneziaGiulia_TBB;2014;7;1.92731;tons;File MBL2 SOL.xlsx
FriuliVeneziaGiulia_TBB;2014;9;2.7302;tons;File MBL2 SOL.xlsx
FriuliVeneziaGiulia_TBB;2014;10;2.17106;tons;File MBL2 SOL.xlsx
FriuliVeneziaGiulia_TBB;2014;11;1.52506;tons;File MBL2 SOL.xlsx
FriuliVeneziaGiulia_TBB;2014;12;1.32735;tons;File MBL2 SOL.xlsx
FriuliVeneziaGiulia_TBB;2015;1;5.25908;tons;File MBL2 SOL.xlsx
FriuliVeneziaGiulia_TBB;2015;2;3.27781;tons;File MBL2 SOL.xlsx
FriuliVeneziaGiulia_TBB;2015;3;4.56654;tons;File MBL2 SOL.xlsx
FriuliVeneziaGiulia_TBB;2015;4;3.97454;tons;File MBL2 SOL.xlsx
FriuliVeneziaGiulia_TBB;2015;5;4.43297;tons;File MBL2 SOL.xlsx
FriuliVeneziaGiulia_TBB;2015;6;5.12892;tons;File MBL2 SOL.xlsx
FriuliVeneziaGiulia_TBB;2015;7;4.03556;tons;File MBL2 SOL.xlsx
FriuliVeneziaGiulia_TBB;2015;9;4.64702;tons;File MBL2 SOL.xlsx
FriuliVeneziaGiulia_TBB;2015;10;6.20455;tons;File MBL2 SOL.xlsx
FriuliVeneziaGiulia_TBB;2015;11;5.07806;tons;File MBL2 SOL.xlsx
FriuliVeneziaGiulia_TBB;2015;12;6.79624;tons;File MBL2 SOL.xlsx
FriuliVeneziaGiulia_TBB;2016;1;3.9101;tons;File MBL2 SOL.xlsx
FriuliVeneziaGiulia_TBB;2016;2;0.83554;tons;File MBL2 SOL.xlsx
FriuliVeneziaGiulia_TBB;2016;3;0.89793;tons;File MBL2 SOL.xlsx
FriuliVeneziaGiulia_TBB;2016;4;2.0593;tons;File MBL2 SOL.xlsx
FriuliVeneziaGiulia_TBB;2016;5;4.10627;tons;File MBL2 SOL.xlsx
FriuliVeneziaGiulia_TBB;2016;6;3.15;tons;File MBL2 SOL.xlsx
FriuliVeneziaGiulia_TBB;2016;7;1.79741;tons;File MBL2 SOL.xlsx
FriuliVeneziaGiulia_TBB;2016;9;6.8242;tons;File MBL2 SOL.xlsx
FriuliVeneziaGiulia_TBB;2016;10;8.35392;tons;File MBL2 SOL.xlsx
FriuliVeneziaGiulia_TBB;2016;11;8.24729;tons;File MBL2 SOL.xlsx
FriuliVeneziaGiulia_TBB;2016;12;8.38221;tons;File MBL2 SOL.xlsx
FriuliVeneziaGiulia_TBB;2017;1;4.53311;tons;File MBL2 SOL.xlsx
FriuliVeneziaGiulia_TBB;2017;2;2.37894;tons;File MBL2 SOL.xlsx
FriuliVeneziaGiulia_TBB;2017;3;5.05823;tons;File MBL2 SOL.xlsx
FriuliVeneziaGiulia_TBB;2017;4;3.07636;tons;File MBL2 SOL.xlsx
FriuliVeneziaGiulia_TBB;2017;5;5.85295;tons;File MBL2 SOL.xlsx
FriuliVeneziaGiulia_TBB;2017;6;4.98924;tons;File MBL2 SOL.xlsx
FriuliVeneziaGiulia_TBB;2017;7;5.15604;tons;File MBL2 SOL.xlsx
FriuliVeneziaGiulia_TBB;2017;9;5.13439;tons;File MBL2 SOL.xlsx
FriuliVeneziaGiulia_TBB;2017;10;4.40063;tons;File MBL2 SOL.xlsx
FriuliVeneziaGiulia_TBB;2017;11;4.61372;tons;File MBL2 SOL.xlsx
FriuliVeneziaGiulia_TBB;2017;12;5.01;tons;File MBL2 SOL.xlsx
FriuliVeneziaGiulia_TBB;2018;1;7.42842;tons;File MBL2 SOL.xlsx
FriuliVeneziaGiulia_TBB;2018;2;6.1815;tons;File MBL2 SOL.xlsx
FriuliVeneziaGiulia_TBB;2018;3;2.39152;tons;File MBL2 SOL.xlsx
FriuliVeneziaGiulia_TBB;2018;4;2.61141;tons;File MBL2 SOL.xlsx
FriuliVeneziaGiulia_TBB;2018;5;2.54453;tons;File MBL2 SOL.xlsx
FriuliVeneziaGiulia_TBB;2018;6;4.0709;tons;File MBL2 SOL.xlsx
FriuliVeneziaGiulia_TBB;2018;7;3.28551;tons;File MBL2 SOL.xlsx
FriuliVeneziaGiulia_TBB;2018;9;3.35952;tons;File MBL2 SOL.xlsx
FriuliVeneziaGiulia_TBB;2018;10;5.5662;tons;File MBL2 SOL.xlsx
FriuliVeneziaGiulia_TBB;2018;11;4.95508;tons;File MBL2 SOL.xlsx
FriuliVeneziaGiulia_TBB;2018;12;4.73448;tons;File MBL2 SOL.xlsx
FriuliVeneziaGiulia_TM;2005;5;0.00582;tons;File MBL2 SOL.xlsx
FriuliVeneziaGiulia_TM;2005;10;0.00895;tons;File MBL2 SOL.xlsx
FriuliVeneziaGiulia_TM;2005;11;0.00537;tons;File MBL2 SOL.xlsx
FriuliVeneziaGiulia_TM;2012;8;0.00119;tons;File MBL2 SOL.xlsx
FriuliVeneziaGiulia_TM;2012;10;0.42558;tons;File MBL2 SOL.xlsx
FriuliVeneziaGiulia_TM;2012;11;0.02366;tons;File MBL2 SOL.xlsx
FriuliVeneziaGiulia_TM;2012;12;0.01557;tons;File MBL2 SOL.xlsx
FriuliVeneziaGiulia_TM;2013;1;0.05678;tons;File MBL2 SOL.xlsx
FriuliVeneziaGiulia_TM;2013;6;0.00256;tons;File MBL2 SOL.xlsx
FriuliVeneziaGiulia_TM;2013;9;0.20193;tons;File MBL2 SOL.xlsx
FriuliVeneziaGiulia_TM;2013;10;0.41704;tons;File MBL2 SOL.xlsx
FriuliVeneziaGiulia_TM;2013;11;0.35096;tons;File MBL2 SOL.xlsx
FriuliVeneziaGiulia_TM;2013;12;0.31344;tons;File MBL2 SOL.xlsx
FriuliVeneziaGiulia_TM;2014;1;0.1249;tons;File MBL2 SOL.xlsx
FriuliVeneziaGiulia_TM;2014;2;0.08781;tons;File MBL2 SOL.xlsx
FriuliVeneziaGiulia_TM;2014;3;0.15065;tons;File MBL2 SOL.xlsx
FriuliVeneziaGiulia_TM;2014;4;0.15172;tons;File MBL2 SOL.xlsx
FriuliVeneziaGiulia_TM;2014;5;0.17123;tons;File MBL2 SOL.xlsx
FriuliVeneziaGiulia_TM;2014;6;0.3673;tons;File MBL2 SOL.xlsx
FriuliVeneziaGiulia_TM;2014;7;0.80491;tons;File MBL2 SOL.xlsx
FriuliVeneziaGiulia_TM;2014;9;1.06615;tons;File MBL2 SOL.xlsx
FriuliVeneziaGiulia_TM;2014;10;0.58796;tons;File MBL2 SOL.xlsx
FriuliVeneziaGiulia_TM;2014;11;0.68062;tons;File MBL2 SOL.xlsx
FriuliVeneziaGiulia_TM;2014;12;0.42027;tons;File MBL2 SOL.xlsx
FriuliVeneziaGiulia_TM;2015;1;0.13811;tons;File MBL2 SOL.xlsx
FriuliVeneziaGiulia_TM;2015;2;0.05688;tons;File MBL2 SOL.xlsx
FriuliVeneziaGiulia_TM;2015;3;0.28968;tons;File MBL2 SOL.xlsx
FriuliVeneziaGiulia_TM;2015;4;0.32173;tons;File MBL2 SOL.xlsx
FriuliVeneziaGiulia_TM;2015;5;0.264;tons;File MBL2 SOL.xlsx
FriuliVeneziaGiulia_TM;2015;6;0.50743;tons;File MBL2 SOL.xlsx
FriuliVeneziaGiulia_TM;2015;7;0.23136;tons;File MBL2 SOL.xlsx
FriuliVeneziaGiulia_TM;2015;9;0.56852;tons;File MBL2 SOL.xlsx
FriuliVeneziaGiulia_TM;2015;10;0.47823;tons;File MBL2 SOL.xlsx
FriuliVeneziaGiulia_TM;2015;11;0.21876;tons;File MBL2 SOL.xlsx
FriuliVeneziaGiulia_TM;2015;12;0.50663;tons;File MBL2 SOL.xlsx
FriuliVeneziaGiulia_TM;2016;1;0.54829;tons;File MBL2 SOL.xlsx
FriuliVeneziaGiulia_TM;2016;2;0.18928;tons;File MBL2 SOL.xlsx
FriuliVeneziaGiulia_TM;2016;3;0.16793;tons;File MBL2 SOL.xlsx
FriuliVeneziaGiulia_TM;2016;4;0.18902;tons;File MBL2 SOL.xlsx
FriuliVeneziaGiulia_TM;2016;5;0.32412;tons;File MBL2 SOL.xlsx
FriuliVeneziaGiulia_TM;2016;6;0.32902;tons;File MBL2 SOL.xlsx
FriuliVeneziaGiulia_TM;2016;7;0.15393;tons;File MBL2 SOL.xlsx
FriuliVeneziaGiulia_TM;2016;9;0.30935;tons;File MBL2 SOL.xlsx
FriuliVeneziaGiulia_TM;2016;10;0.32848;tons;File MBL2 SOL.xlsx
FriuliVeneziaGiulia_TM;2016;11;0.32199;tons;File MBL2 SOL.xlsx
FriuliVeneziaGiulia_TM;2016;12;0.14728;tons;File MBL2 SOL.xlsx
HRV_DFN;2005;0;318.977;tons;SA minus SVN DCF
HRV_DFN;2006;0;193.834;tons;SA minus SVN DCF
HRV_DFN;2007;0;200.694;tons;SA minus SVN DCF
HRV_DFN;2008;0;133.451;tons;SA minus SVN DCF
HRV_DFN;2009;0;300.944;tons;SA minus SVN DCF
HRV_DFN;2010;0;185.268;tons;SA minus SVN DCF
HRV_DFN;2011;0;245.364;tons;SA minus SVN DCF
HRV_DFN;2012;0;143.11708;tons;SA minus SVN DCF
HRV_DFN;2013;0;190.98811;tons;SA minus SVN DCF
HRV_DFN;2014;0;134.25386;tons;SA minus SVN DCF
HRV_DFN;2015;0;195.61233;tons;SA minus SVN DCF
HRV_DFN;2016;0;123.27073;tons;SA minus SVN DCF
HRV_DFN;2017;0;169.7937899;tons;SA minus SVN DCF
HRV_DFN;2018;0;156.2731799;tons;SA minus SVN DCF
Marche_DRB;2017;4;0.3079;tons;File MBL2 SOL.xlsx
Marche_DRB;2018;1;0.007;tons;File MBL2 SOL.xlsx
Marche_DRB;2018;3;0.003;tons;File MBL2 SOL.xlsx
Marche_DRB;2018;4;0.01;tons;File MBL2 SOL.xlsx
Marche_DTS;2005;1;4.45093;tons;File MBL2 SOL.xlsx
Marche_DTS;2005;2;5.45148;tons;File MBL2 SOL.xlsx
Marche_DTS;2005;3;11.38412;tons;File MBL2 SOL.xlsx
Marche_DTS;2005;4;10.57953;tons;File MBL2 SOL.xlsx
Marche_DTS;2005;5;3.0028;tons;File MBL2 SOL.xlsx
Marche_DTS;2005;6;6.53459;tons;File MBL2 SOL.xlsx
Marche_DTS;2005;7;4.83568;tons;File MBL2 SOL.xlsx
Marche_DTS;2005;8;0.54979;tons;File MBL2 SOL.xlsx
Marche_DTS;2005;9;15.36039;tons;File MBL2 SOL.xlsx
Marche_DTS;2005;10;24.36148;tons;File MBL2 SOL.xlsx
Marche_DTS;2005;11;14.6206;tons;File MBL2 SOL.xlsx
Marche_DTS;2005;12;25.69245;tons;File MBL2 SOL.xlsx
Marche_DTS;2006;1;13.81782;tons;File MBL2 SOL.xlsx
Marche_DTS;2006;2;13.95074;tons;File MBL2 SOL.xlsx
Marche_DTS;2006;3;12.73648;tons;File MBL2 SOL.xlsx
Marche_DTS;2006;4;12.15924;tons;File MBL2 SOL.xlsx
Marche_DTS;2006;5;14.96073;tons;File MBL2 SOL.xlsx
Marche_DTS;2006;6;13.38964;tons;File MBL2 SOL.xlsx
Marche_DTS;2006;7;8.895;tons;File MBL2 SOL.xlsx
Marche_DTS;2006;8;1.46497;tons;File MBL2 SOL.xlsx
Marche_DTS;2006;9;7.7077;tons;File MBL2 SOL.xlsx
Marche_DTS;2006;10;10.72808;tons;File MBL2 SOL.xlsx
Marche_DTS;2006;11;4.15452;tons;File MBL2 SOL.xlsx
Marche_DTS;2006;12;5.33704;tons;File MBL2 SOL.xlsx
Marche_DTS;2007;1;3.14275;tons;File MBL2 SOL.xlsx
Marche_DTS;2007;2;2.17038;tons;File MBL2 SOL.xlsx
Marche_DTS;2007;3;2.70954;tons;File MBL2 SOL.xlsx
Marche_DTS;2007;4;3.71081;tons;File MBL2 SOL.xlsx
Marche_DTS;2007;5;4.61575;tons;File MBL2 SOL.xlsx
Marche_DTS;2007;6;5.5327;tons;File MBL2 SOL.xlsx
Marche_DTS;2007;7;6.17936;tons;File MBL2 SOL.xlsx
Marche_DTS;2007;8;1.47539;tons;File MBL2 SOL.xlsx
Marche_DTS;2007;9;4.63308;tons;File MBL2 SOL.xlsx
Marche_DTS;2007;10;4.09101;tons;File MBL2 SOL.xlsx
Marche_DTS;2007;11;4.31752;tons;File MBL2 SOL.xlsx
Marche_DTS;2007;12;2.00972;tons;File MBL2 SOL.xlsx
Marche_DTS;2008;1;2.17763;tons;File MBL2 SOL.xlsx
Marche_DTS;2008;2;2.25862;tons;File MBL2 SOL.xlsx
Marche_DTS;2008;3;2.63049;tons;File MBL2 SOL.xlsx
Marche_DTS;2008;4;2.85013;tons;File MBL2 SOL.xlsx
Marche_DTS;2008;5;2.43324;tons;File MBL2 SOL.xlsx
Marche_DTS;2008;6;1.3862;tons;File MBL2 SOL.xlsx
Marche_DTS;2008;7;3.31196;tons;File MBL2 SOL.xlsx
Marche_DTS;2008;9;7.4858;tons;File MBL2 SOL.xlsx
Marche_DTS;2008;10;7.07189;tons;File MBL2 SOL.xlsx
Marche_DTS;2008;11;3.59437;tons;File MBL2 SOL.xlsx
Marche_DTS;2008;12;2.24693;tons;File MBL2 SOL.xlsx
Marche_DTS;2009;1;1.40031;tons;File MBL2 SOL.xlsx
Marche_DTS;2009;2;1.07591;tons;File MBL2 SOL.xlsx
Marche_DTS;2009;3;2.02029;tons;File MBL2 SOL.xlsx
Marche_DTS;2009;4;2.17585;tons;File MBL2 SOL.xlsx
Marche_DTS;2009;5;2.33854;tons;File MBL2 SOL.xlsx
Marche_DTS;2009;6;2.70174;tons;File MBL2 SOL.xlsx
Marche_DTS;2009;7;3.37523;tons;File MBL2 SOL.xlsx
Marche_DTS;2009;8;0.67541;tons;File MBL2 SOL.xlsx
Marche_DTS;2009;9;8.05251;tons;File MBL2 SOL.xlsx
Marche_DTS;2009;10;7.80034;tons;File MBL2 SOL.xlsx
Marche_DTS;2009;11;2.25975;tons;File MBL2 SOL.xlsx
Marche_DTS;2009;12;2.1772;tons;File MBL2 SOL.xlsx
Marche_DTS;2010;1;0.66979;tons;File MBL2 SOL.xlsx
Marche_DTS;2010;2;0.84491;tons;File MBL2 SOL.xlsx
Marche_DTS;2010;3;1.10387;tons;File MBL2 SOL.xlsx
Marche_DTS;2010;4;1.08569;tons;File MBL2 SOL.xlsx
Marche_DTS;2010;5;1.54132;tons;File MBL2 SOL.xlsx
Marche_DTS;2010;6;2.18701;tons;File MBL2 SOL.xlsx
Marche_DTS;2010;7;1.94399;tons;File MBL2 SOL.xlsx
Marche_DTS;2010;8;0.02531;tons;File MBL2 SOL.xlsx
Marche_DTS;2010;9;1.53003;tons;File MBL2 SOL.xlsx
Marche_DTS;2010;10;0.75373;tons;File MBL2 SOL.xlsx
Marche_DTS;2010;11;1.29053;tons;File MBL2 SOL.xlsx
Marche_DTS;2010;12;1.14625;tons;File MBL2 SOL.xlsx
Marche_DTS;2011;1;1.24863;tons;File MBL2 SOL.xlsx
Marche_DTS;2011;2;2.2147;tons;File MBL2 SOL.xlsx
Marche_DTS;2011;3;1.79331;tons;File MBL2 SOL.xlsx
Marche_DTS;2011;4;1.17141;tons;File MBL2 SOL.xlsx
Marche_DTS;2011;5;0.93764;tons;File MBL2 SOL.xlsx
Marche_DTS;2011;6;0.92018;tons;File MBL2 SOL.xlsx
Marche_DTS;2011;7;0.98795;tons;File MBL2 SOL.xlsx
Marche_DTS;2011;10;1.15565;tons;File MBL2 SOL.xlsx
Marche_DTS;2011;11;1.05056;tons;File MBL2 SOL.xlsx
Marche_DTS;2011;12;0.90822;tons;File MBL2 SOL.xlsx
Marche_DTS;2012;1;0.52286;tons;File MBL2 SOL.xlsx
Marche_DTS;2012;2;0.76212;tons;File MBL2 SOL.xlsx
Marche_DTS;2012;3;1.09458;tons;File MBL2 SOL.xlsx
Marche_DTS;2012;4;1.75234;tons;File MBL2 SOL.xlsx
Marche_DTS;2012;5;1.69812;tons;File MBL2 SOL.xlsx
Marche_DTS;2012;6;2.5441;tons;File MBL2 SOL.xlsx
Marche_DTS;2012;7;2.98376;tons;File MBL2 SOL.xlsx
Marche_DTS;2012;8;1.37544;tons;File MBL2 SOL.xlsx
Marche_DTS;2012;9;0.86558;tons;File MBL2 SOL.xlsx
Marche_DTS;2012;10;0.9634;tons;File MBL2 SOL.xlsx
Marche_DTS;2012;11;1.35494;tons;File MBL2 SOL.xlsx
Marche_DTS;2012;12;1.97747;tons;File MBL2 SOL.xlsx
Marche_DTS;2013;1;1.2087;tons;File MBL2 SOL.xlsx
Marche_DTS;2013;2;0.74593;tons;File MBL2 SOL.xlsx
Marche_DTS;2013;3;0.6685;tons;File MBL2 SOL.xlsx
Marche_DTS;2013;4;0.74013;tons;File MBL2 SOL.xlsx
Marche_DTS;2013;5;0.45594;tons;File MBL2 SOL.xlsx
Marche_DTS;2013;6;0.77501;tons;File MBL2 SOL.xlsx
Marche_DTS;2013;7;0.50343;tons;File MBL2 SOL.xlsx
Marche_DTS;2013;8;0.00884;tons;File MBL2 SOL.xlsx
Marche_DTS;2013;9;0.25197;tons;File MBL2 SOL.xlsx
Marche_DTS;2013;10;0.51178;tons;File MBL2 SOL.xlsx
Marche_DTS;2013;11;1.75005;tons;File MBL2 SOL.xlsx
Marche_DTS;2013;12;1.65905;tons;File MBL2 SOL.xlsx
Marche_DTS;2014;1;22.46431;tons;File MBL2 SOL.xlsx
Marche_DTS;2014;2;21.3985;tons;File MBL2 SOL.xlsx
Marche_DTS;2014;3;40.79723;tons;File MBL2 SOL.xlsx
Marche_DTS;2014;4;34.33684;tons;File MBL2 SOL.xlsx
Marche_DTS;2014;5;42.95449;tons;File MBL2 SOL.xlsx
Marche_DTS;2014;6;31.55538;tons;File MBL2 SOL.xlsx
Marche_DTS;2014;7;35.94294;tons;File MBL2 SOL.xlsx
Marche_DTS;2014;8;14.55572;tons;File MBL2 SOL.xlsx
Marche_DTS;2014;9;7.85281;tons;File MBL2 SOL.xlsx
Marche_DTS;2014;10;18.02874;tons;File MBL2 SOL.xlsx
Marche_DTS;2014;11;16.10434;tons;File MBL2 SOL.xlsx
Marche_DTS;2014;12;9.68994;tons;File MBL2 SOL.xlsx
Marche_DTS;2015;1;4.03045;tons;File MBL2 SOL.xlsx
Marche_DTS;2015;2;4.47025;tons;File MBL2 SOL.xlsx
Marche_DTS;2015;3;4.15653;tons;File MBL2 SOL.xlsx
Marche_DTS;2015;4;3.31429;tons;File MBL2 SOL.xlsx
Marche_DTS;2015;5;4.19301;tons;File MBL2 SOL.xlsx
Marche_DTS;2015;6;5.67054;tons;File MBL2 SOL.xlsx
Marche_DTS;2015;7;5.17175;tons;File MBL2 SOL.xlsx
Marche_DTS;2015;8;4.12907;tons;File MBL2 SOL.xlsx
Marche_DTS;2015;9;0.8194;tons;File MBL2 SOL.xlsx
Marche_DTS;2015;10;23.4373;tons;File MBL2 SOL.xlsx
Marche_DTS;2015;11;34.69068;tons;File MBL2 SOL.xlsx
Marche_DTS;2015;12;55.29581;tons;File MBL2 SOL.xlsx
Marche_DTS;2016;1;9.82205;tons;File MBL2 SOL.xlsx
Marche_DTS;2016;2;9.41419;tons;File MBL2 SOL.xlsx
Marche_DTS;2016;3;9.57535;tons;File MBL2 SOL.xlsx
Marche_DTS;2016;4;10.69651;tons;File MBL2 SOL.xlsx
Marche_DTS;2016;5;12.78952;tons;File MBL2 SOL.xlsx
Marche_DTS;2016;6;10.69685;tons;File MBL2 SOL.xlsx
Marche_DTS;2016;7;10.41601;tons;File MBL2 SOL.xlsx
Marche_DTS;2016;8;7.66661;tons;File MBL2 SOL.xlsx
Marche_DTS;2016;9;17.20475;tons;File MBL2 SOL.xlsx
Marche_DTS;2016;10;18.55859;tons;File MBL2 SOL.xlsx
Marche_DTS;2016;11;41.30208;tons;File MBL2 SOL.xlsx
Marche_DTS;2016;12;34.77715;tons;File MBL2 SOL.xlsx
Marche_DTS;2017;1;1.9172;tons;File MBL2 SOL.xlsx
Marche_DTS;2017;2;1.36461;tons;File MBL2 SOL.xlsx
Marche_DTS;2017;3;2.68605;tons;File MBL2 SOL.xlsx
Marche_DTS;2017;4;3.34836;tons;File MBL2 SOL.xlsx
Marche_DTS;2017;5;1.80273;tons;File MBL2 SOL.xlsx
Marche_DTS;2017;6;1.11348;tons;File MBL2 SOL.xlsx
Marche_DTS;2017;7;1.47413;tons;File MBL2 SOL.xlsx
Marche_DTS;2017;8;0.32732;tons;File MBL2 SOL.xlsx
Marche_DTS;2017;9;1.68398;tons;File MBL2 SOL.xlsx
Marche_DTS;2017;10;0.51493;tons;File MBL2 SOL.xlsx
Marche_DTS;2017;11;3.84927;tons;File MBL2 SOL.xlsx
Marche_DTS;2017;12;1.87127;tons;File MBL2 SOL.xlsx
Marche_DTS;2018;1;5.03651;tons;File MBL2 SOL.xlsx
Marche_DTS;2018;2;2.47772;tons;File MBL2 SOL.xlsx
Marche_DTS;2018;3;5.70723;tons;File MBL2 SOL.xlsx
Marche_DTS;2018;4;5.03848;tons;File MBL2 SOL.xlsx
Marche_DTS;2018;5;4.98868;tons;File MBL2 SOL.xlsx
Marche_DTS;2018;6;4.14193;tons;File MBL2 SOL.xlsx
Marche_DTS;2018;7;6.13516;tons;File MBL2 SOL.xlsx
Marche_DTS;2018;8;1.88749;tons;File MBL2 SOL.xlsx
Marche_DTS;2018;9;3.66892;tons;File MBL2 SOL.xlsx
Marche_DTS;2018;10;6.3032;tons;File MBL2 SOL.xlsx
Marche_DTS;2018;11;12.0303;tons;File MBL2 SOL.xlsx
Marche_DTS;2018;12;6.82742;tons;File MBL2 SOL.xlsx
Marche_PGP;2005;1;0.15028;tons;File MBL2 SOL.xlsx
Marche_PGP;2005;2;0.18775;tons;File MBL2 SOL.xlsx
Marche_PGP;2005;3;6.84261;tons;File MBL2 SOL.xlsx
Marche_PGP;2005;4;14.33143;tons;File MBL2 SOL.xlsx
Marche_PGP;2005;5;35.54425;tons;File MBL2 SOL.xlsx
Marche_PGP;2005;6;40.95246;tons;File MBL2 SOL.xlsx
Marche_PGP;2005;7;48.7516;tons;File MBL2 SOL.xlsx
Marche_PGP;2005;8;49.01437;tons;File MBL2 SOL.xlsx
Marche_PGP;2005;9;100.79443;tons;File MBL2 SOL.xlsx
Marche_PGP;2005;10;58.00906;tons;File MBL2 SOL.xlsx
Marche_PGP;2005;11;9.79972;tons;File MBL2 SOL.xlsx
Marche_PGP;2005;12;6.69203;tons;File MBL2 SOL.xlsx
Marche_PGP;2006;1;2.90841;tons;File MBL2 SOL.xlsx
Marche_PGP;2006;2;3.40485;tons;File MBL2 SOL.xlsx
Marche_PGP;2006;3;5.179;tons;File MBL2 SOL.xlsx
Marche_PGP;2006;4;6.40908;tons;File MBL2 SOL.xlsx
Marche_PGP;2006;5;20.31449;tons;File MBL2 SOL.xlsx
Marche_PGP;2006;6;9.96866;tons;File MBL2 SOL.xlsx
Marche_PGP;2006;7;70.15732;tons;File MBL2 SOL.xlsx
Marche_PGP;2006;8;112.58164;tons;File MBL2 SOL.xlsx
Marche_PGP;2006;9;99.16092;tons;File MBL2 SOL.xlsx
Marche_PGP;2006;10;67.88857;tons;File MBL2 SOL.xlsx
Marche_PGP;2006;11;37.40394;tons;File MBL2 SOL.xlsx
Marche_PGP;2006;12;8.3517;tons;File MBL2 SOL.xlsx
Marche_PGP;2007;1;5.03947;tons;File MBL2 SOL.xlsx
Marche_PGP;2007;2;4.78569;tons;File MBL2 SOL.xlsx
Marche_PGP;2007;3;4.36942;tons;File MBL2 SOL.xlsx
Marche_PGP;2007;4;5.21077;tons;File MBL2 SOL.xlsx
Marche_PGP;2007;5;21.30254;tons;File MBL2 SOL.xlsx
Marche_PGP;2007;6;76.94899;tons;File MBL2 SOL.xlsx
Marche_PGP;2007;7;79.89567;tons;File MBL2 SOL.xlsx
Marche_PGP;2007;8;67.57061;tons;File MBL2 SOL.xlsx
Marche_PGP;2007;9;61.94541;tons;File MBL2 SOL.xlsx
Marche_PGP;2007;10;21.64838;tons;File MBL2 SOL.xlsx
Marche_PGP;2007;11;12.97674;tons;File MBL2 SOL.xlsx
Marche_PGP;2007;12;11.40238;tons;File MBL2 SOL.xlsx
Marche_PGP;2008;1;3.49655;tons;File MBL2 SOL.xlsx
Marche_PGP;2008;2;2.29689;tons;File MBL2 SOL.xlsx
Marche_PGP;2008;3;1.79842;tons;File MBL2 SOL.xlsx
Marche_PGP;2008;4;5.29166;tons;File MBL2 SOL.xlsx
Marche_PGP;2008;5;10.31055;tons;File MBL2 SOL.xlsx
Marche_PGP;2008;6;36.55323;tons;File MBL2 SOL.xlsx
Marche_PGP;2008;7;73.19548;tons;File MBL2 SOL.xlsx
Marche_PGP;2008;8;34.06483;tons;File MBL2 SOL.xlsx
Marche_PGP;2008;9;40.42003;tons;File MBL2 SOL.xlsx
Marche_PGP;2008;10;11.76984;tons;File MBL2 SOL.xlsx
Marche_PGP;2008;11;3.60871;tons;File MBL2 SOL.xlsx
Marche_PGP;2008;12;3.26676;tons;File MBL2 SOL.xlsx
Marche_PGP;2009;1;1.80238;tons;File MBL2 SOL.xlsx
Marche_PGP;2009;2;4.04222;tons;File MBL2 SOL.xlsx
Marche_PGP;2009;3;10.09402;tons;File MBL2 SOL.xlsx
Marche_PGP;2009;4;9.78142;tons;File MBL2 SOL.xlsx
Marche_PGP;2009;5;18.82653;tons;File MBL2 SOL.xlsx
Marche_PGP;2009;6;32.11862;tons;File MBL2 SOL.xlsx
Marche_PGP;2009;7;93.88137;tons;File MBL2 SOL.xlsx
Marche_PGP;2009;8;79.13036;tons;File MBL2 SOL.xlsx
Marche_PGP;2009;9;60.80925;tons;File MBL2 SOL.xlsx
Marche_PGP;2009;10;35.17749;tons;File MBL2 SOL.xlsx
Marche_PGP;2009;11;15.77962;tons;File MBL2 SOL.xlsx
Marche_PGP;2009;12;9.34311;tons;File MBL2 SOL.xlsx
Marche_PGP;2010;1;6.84779;tons;File MBL2 SOL.xlsx
Marche_PGP;2010;2;5.19171;tons;File MBL2 SOL.xlsx
Marche_PGP;2010;3;15.9146;tons;File MBL2 SOL.xlsx
Marche_PGP;2010;4;17.76261;tons;File MBL2 SOL.xlsx
Marche_PGP;2010;5;18.56386;tons;File MBL2 SOL.xlsx
Marche_PGP;2010;6;34.63083;tons;File MBL2 SOL.xlsx
Marche_PGP;2010;7;54.66081;tons;File MBL2 SOL.xlsx
Marche_PGP;2010;8;56.18437;tons;File MBL2 SOL.xlsx
Marche_PGP;2010;9;57.793;tons;File MBL2 SOL.xlsx
Marche_PGP;2010;10;46.66251;tons;File MBL2 SOL.xlsx
Marche_PGP;2010;11;34.77441;tons;File MBL2 SOL.xlsx
Marche_PGP;2010;12;27.91872;tons;File MBL2 SOL.xlsx
Marche_PGP;2011;1;35.69099;tons;File MBL2 SOL.xlsx
Marche_PGP;2011;2;31.05404;tons;File MBL2 SOL.xlsx
Marche_PGP;2011;3;28.68182;tons;File MBL2 SOL.xlsx
Marche_PGP;2011;4;34.26471;tons;File MBL2 SOL.xlsx
Marche_PGP;2011;5;33.90961;tons;File MBL2 SOL.xlsx
Marche_PGP;2011;6;29.46348;tons;File MBL2 SOL.xlsx
Marche_PGP;2011;7;32.1736;tons;File MBL2 SOL.xlsx
Marche_PGP;2011;8;54.59151;tons;File MBL2 SOL.xlsx
Marche_PGP;2011;9;43.58704;tons;File MBL2 SOL.xlsx
Marche_PGP;2011;10;37.85273;tons;File MBL2 SOL.xlsx
Marche_PGP;2011;11;34.61447;tons;File MBL2 SOL.xlsx
Marche_PGP;2011;12;37.16738;tons;File MBL2 SOL.xlsx
Marche_PGP;2012;1;24.64392;tons;File MBL2 SOL.xlsx
Marche_PGP;2012;2;21.89403;tons;File MBL2 SOL.xlsx
Marche_PGP;2012;3;36.29344;tons;File MBL2 SOL.xlsx
Marche_PGP;2012;4;33.0826;tons;File MBL2 SOL.xlsx
Marche_PGP;2012;5;40.19139;tons;File MBL2 SOL.xlsx
Marche_PGP;2012;6;44.9599;tons;File MBL2 SOL.xlsx
Marche_PGP;2012;7;56.68145;tons;File MBL2 SOL.xlsx
Marche_PGP;2012;8;54.53969;tons;File MBL2 SOL.xlsx
Marche_PGP;2012;9;53.92694;tons;File MBL2 SOL.xlsx
Marche_PGP;2012;10;53.6822;tons;File MBL2 SOL.xlsx
Marche_PGP;2012;11;35.31676;tons;File MBL2 SOL.xlsx
Marche_PGP;2012;12;44.9043;tons;File MBL2 SOL.xlsx
Marche_PGP;2013;1;13.4929;tons;File MBL2 SOL.xlsx
Marche_PGP;2013;2;4.20013;tons;File MBL2 SOL.xlsx
Marche_PGP;2013;3;1.70303;tons;File MBL2 SOL.xlsx
Marche_PGP;2013;4;2.39155;tons;File MBL2 SOL.xlsx
Marche_PGP;2013;5;5.55469;tons;File MBL2 SOL.xlsx
Marche_PGP;2013;6;10.29962;tons;File MBL2 SOL.xlsx
Marche_PGP;2013;7;16.19381;tons;File MBL2 SOL.xlsx
Marche_PGP;2013;8;25.44512;tons;File MBL2 SOL.xlsx
Marche_PGP;2013;9;14.74243;tons;File MBL2 SOL.xlsx
Marche_PGP;2013;10;8.15571;tons;File MBL2 SOL.xlsx
Marche_PGP;2013;11;6.1568;tons;File MBL2 SOL.xlsx
Marche_PGP;2013;12;7.281;tons;File MBL2 SOL.xlsx
Marche_PGP;2014;1;5.9017;tons;File MBL2 SOL.xlsx
Marche_PGP;2014;2;5.50391;tons;File MBL2 SOL.xlsx
Marche_PGP;2014;3;5.71965;tons;File MBL2 SOL.xlsx
Marche_PGP;2014;4;8.17402;tons;File MBL2 SOL.xlsx
Marche_PGP;2014;5;14.29467;tons;File MBL2 SOL.xlsx
Marche_PGP;2014;6;24.41184;tons;File MBL2 SOL.xlsx
Marche_PGP;2014;7;110.66069;tons;File MBL2 SOL.xlsx
Marche_PGP;2014;8;83.34705;tons;File MBL2 SOL.xlsx
Marche_PGP;2014;9;49.92021;tons;File MBL2 SOL.xlsx
Marche_PGP;2014;10;30.68226;tons;File MBL2 SOL.xlsx
Marche_PGP;2014;11;16.59849;tons;File MBL2 SOL.xlsx
Marche_PGP;2014;12;8.63881;tons;File MBL2 SOL.xlsx
Marche_PGP;2015;1;8.29989;tons;File MBL2 SOL.xlsx
Marche_PGP;2015;2;7.51553;tons;File MBL2 SOL.xlsx
Marche_PGP;2015;3;9.88228;tons;File MBL2 SOL.xlsx
Marche_PGP;2015;4;9.14344;tons;File MBL2 SOL.xlsx
Marche_PGP;2015;5;10.42606;tons;File MBL2 SOL.xlsx
Marche_PGP;2015;6;19.69775;tons;File MBL2 SOL.xlsx
Marche_PGP;2015;7;31.64025;tons;File MBL2 SOL.xlsx
Marche_PGP;2015;8;69.09692;tons;File MBL2 SOL.xlsx
Marche_PGP;2015;9;32.18827;tons;File MBL2 SOL.xlsx
Marche_PGP;2015;10;27.8655;tons;File MBL2 SOL.xlsx
Marche_PGP;2015;11;13.10606;tons;File MBL2 SOL.xlsx
Marche_PGP;2015;12;19.34272;tons;File MBL2 SOL.xlsx
Marche_PGP;2016;1;2.40537;tons;File MBL2 SOL.xlsx
Marche_PGP;2016;2;3.29309;tons;File MBL2 SOL.xlsx
Marche_PGP;2016;3;5.48039;tons;File MBL2 SOL.xlsx
Marche_PGP;2016;4;11.21777;tons;File MBL2 SOL.xlsx
Marche_PGP;2016;5;15.77137;tons;File MBL2 SOL.xlsx
Marche_PGP;2016;6;24.45207;tons;File MBL2 SOL.xlsx
Marche_PGP;2016;7;39.46412;tons;File MBL2 SOL.xlsx
Marche_PGP;2016;8;48.60466;tons;File MBL2 SOL.xlsx
Marche_PGP;2016;9;31.71543;tons;File MBL2 SOL.xlsx
Marche_PGP;2016;10;27.99849;tons;File MBL2 SOL.xlsx
Marche_PGP;2016;11;24.31311;tons;File MBL2 SOL.xlsx
Marche_PGP;2016;12;10.62657;tons;File MBL2 SOL.xlsx
Marche_PGP;2017;1;6.40528;tons;File MBL2 SOL.xlsx
Marche_PGP;2017;2;5.4527;tons;File MBL2 SOL.xlsx
Marche_PGP;2017;3;7.21553;tons;File MBL2 SOL.xlsx
Marche_PGP;2017;4;9.30646;tons;File MBL2 SOL.xlsx
Marche_PGP;2017;5;6.83579;tons;File MBL2 SOL.xlsx
Marche_PGP;2017;6;15.42526;tons;File MBL2 SOL.xlsx
Marche_PGP;2017;7;32.79322;tons;File MBL2 SOL.xlsx
Marche_PGP;2017;8;40.14954;tons;File MBL2 SOL.xlsx
Marche_PGP;2017;9;28.29234;tons;File MBL2 SOL.xlsx
Marche_PGP;2017;10;29.98212;tons;File MBL2 SOL.xlsx
Marche_PGP;2017;11;16.79002;tons;File MBL2 SOL.xlsx
Marche_PGP;2017;12;16.7235;tons;File MBL2 SOL.xlsx
Marche_PGP;2018;1;2.69713;tons;File MBL2 SOL.xlsx
Marche_PGP;2018;2;1.08737;tons;File MBL2 SOL.xlsx
Marche_PGP;2018;3;4.37244;tons;File MBL2 SOL.xlsx
Marche_PGP;2018;4;6.35397;tons;File MBL2 SOL.xlsx
Marche_PGP;2018;5;11.0707;tons;File MBL2 SOL.xlsx
Marche_PGP;2018;6;11.69991;tons;File MBL2 SOL.xlsx
Marche_PGP;2018;7;22.98306;tons;File MBL2 SOL.xlsx
Marche_PGP;2018;8;31.48223;tons;File MBL2 SOL.xlsx
Marche_PGP;2018;9;36.74736;tons;File MBL2 SOL.xlsx
Marche_PGP;2018;10;23.67502;tons;File MBL2 SOL.xlsx
Marche_PGP;2018;11;6.03276;tons;File MBL2 SOL.xlsx
Marche_PGP;2018;12;3.63656;tons;File MBL2 SOL.xlsx
Marche_TBB;2005;1;2.41832;tons;File MBL2 SOL.xlsx
Marche_TBB;2005;3;5.85586;tons;File MBL2 SOL.xlsx
Marche_TBB;2005;4;4.84675;tons;File MBL2 SOL.xlsx
Marche_TBB;2005;5;5.11488;tons;File MBL2 SOL.xlsx
Marche_TBB;2005;6;5.15588;tons;File MBL2 SOL.xlsx
Marche_TBB;2005;7;3.61769;tons;File MBL2 SOL.xlsx
Marche_TBB;2005;8;1.50928;tons;File MBL2 SOL.xlsx
Marche_TBB;2005;9;10.98348;tons;File MBL2 SOL.xlsx
Marche_TBB;2005;10;12.51381;tons;File MBL2 SOL.xlsx
Marche_TBB;2005;11;4.68283;tons;File MBL2 SOL.xlsx
Marche_TBB;2005;12;7.91284;tons;File MBL2 SOL.xlsx
Marche_TBB;2006;1;17.92954;tons;File MBL2 SOL.xlsx
Marche_TBB;2006;2;14.08317;tons;File MBL2 SOL.xlsx
Marche_TBB;2006;3;17.69818;tons;File MBL2 SOL.xlsx
Marche_TBB;2006;4;14.70384;tons;File MBL2 SOL.xlsx
Marche_TBB;2006;5;15.65542;tons;File MBL2 SOL.xlsx
Marche_TBB;2006;6;15.80502;tons;File MBL2 SOL.xlsx
Marche_TBB;2006;7;15.68093;tons;File MBL2 SOL.xlsx
Marche_TBB;2006;8;2.47014;tons;File MBL2 SOL.xlsx
Marche_TBB;2006;9;17.81456;tons;File MBL2 SOL.xlsx
Marche_TBB;2006;10;22.34645;tons;File MBL2 SOL.xlsx
Marche_TBB;2006;11;18.5501;tons;File MBL2 SOL.xlsx
Marche_TBB;2006;12;12.5012;tons;File MBL2 SOL.xlsx
Marche_TBB;2007;1;9.31543;tons;File MBL2 SOL.xlsx
Marche_TBB;2007;2;7.71185;tons;File MBL2 SOL.xlsx
Marche_TBB;2007;3;6.14666;tons;File MBL2 SOL.xlsx
Marche_TBB;2007;4;6.48513;tons;File MBL2 SOL.xlsx
Marche_TBB;2007;5;9.74339;tons;File MBL2 SOL.xlsx
Marche_TBB;2007;6;5.94778;tons;File MBL2 SOL.xlsx
Marche_TBB;2007;7;6.39694;tons;File MBL2 SOL.xlsx
Marche_TBB;2007;8;2.98387;tons;File MBL2 SOL.xlsx
Marche_TBB;2007;9;9.22475;tons;File MBL2 SOL.xlsx
Marche_TBB;2007;10;9.01675;tons;File MBL2 SOL.xlsx
Marche_TBB;2007;11;7.66451;tons;File MBL2 SOL.xlsx
Marche_TBB;2007;12;6.72495;tons;File MBL2 SOL.xlsx
Marche_TBB;2008;1;9.19477;tons;File MBL2 SOL.xlsx
Marche_TBB;2008;2;4.66773;tons;File MBL2 SOL.xlsx
Marche_TBB;2008;3;2.35983;tons;File MBL2 SOL.xlsx
Marche_TBB;2008;4;3.73296;tons;File MBL2 SOL.xlsx
Marche_TBB;2008;5;3.67638;tons;File MBL2 SOL.xlsx
Marche_TBB;2008;6;2.09927;tons;File MBL2 SOL.xlsx
Marche_TBB;2008;7;8.38625;tons;File MBL2 SOL.xlsx
Marche_TBB;2008;9;11.66523;tons;File MBL2 SOL.xlsx
Marche_TBB;2008;10;7.93801;tons;File MBL2 SOL.xlsx
Marche_TBB;2008;11;4.69952;tons;File MBL2 SOL.xlsx
Marche_TBB;2008;12;6.50849;tons;File MBL2 SOL.xlsx
Marche_TBB;2009;1;4.10839;tons;File MBL2 SOL.xlsx
Marche_TBB;2009;2;11.83647;tons;File MBL2 SOL.xlsx
Marche_TBB;2009;3;18.27356;tons;File MBL2 SOL.xlsx
Marche_TBB;2009;4;12.8861;tons;File MBL2 SOL.xlsx
Marche_TBB;2009;5;16.2784;tons;File MBL2 SOL.xlsx
Marche_TBB;2009;6;21.82422;tons;File MBL2 SOL.xlsx
Marche_TBB;2009;7;23.62243;tons;File MBL2 SOL.xlsx
Marche_TBB;2009;8;1.50311;tons;File MBL2 SOL.xlsx
Marche_TBB;2009;9;19.43966;tons;File MBL2 SOL.xlsx
Marche_TBB;2009;10;16.86145;tons;File MBL2 SOL.xlsx
Marche_TBB;2009;11;15.21604;tons;File MBL2 SOL.xlsx
Marche_TBB;2009;12;13.34986;tons;File MBL2 SOL.xlsx
Marche_TBB;2010;1;8.78966;tons;File MBL2 SOL.xlsx
Marche_TBB;2010;2;7.25038;tons;File MBL2 SOL.xlsx
Marche_TBB;2010;3;10.08616;tons;File MBL2 SOL.xlsx
Marche_TBB;2010;4;8.59078;tons;File MBL2 SOL.xlsx
Marche_TBB;2010;5;11.68391;tons;File MBL2 SOL.xlsx
Marche_TBB;2010;6;10.33946;tons;File MBL2 SOL.xlsx
Marche_TBB;2010;7;8.69423;tons;File MBL2 SOL.xlsx
Marche_TBB;2010;9;8.80146;tons;File MBL2 SOL.xlsx
Marche_TBB;2010;10;6.59213;tons;File MBL2 SOL.xlsx
Marche_TBB;2010;11;7.04744;tons;File MBL2 SOL.xlsx
Marche_TBB;2010;12;3.97416;tons;File MBL2 SOL.xlsx
Marche_TBB;2011;1;5.29466;tons;File MBL2 SOL.xlsx
Marche_TBB;2011;2;5.54858;tons;File MBL2 SOL.xlsx
Marche_TBB;2011;3;7.37362;tons;File MBL2 SOL.xlsx
Marche_TBB;2011;4;4.00547;tons;File MBL2 SOL.xlsx
Marche_TBB;2011;5;4.60218;tons;File MBL2 SOL.xlsx
Marche_TBB;2011;6;4.38415;tons;File MBL2 SOL.xlsx
Marche_TBB;2011;7;4.74421;tons;File MBL2 SOL.xlsx
Marche_TBB;2011;11;6.2339;tons;File MBL2 SOL.xlsx
Marche_TBB;2011;12;6.19994;tons;File MBL2 SOL.xlsx
Marche_TBB;2012;1;7.57538;tons;File MBL2 SOL.xlsx
Marche_TBB;2012;2;5.42187;tons;File MBL2 SOL.xlsx
Marche_TBB;2012;3;5.34808;tons;File MBL2 SOL.xlsx
Marche_TBB;2012;4;6.47481;tons;File MBL2 SOL.xlsx
Marche_TBB;2012;5;8.84673;tons;File MBL2 SOL.xlsx
Marche_TBB;2012;6;8.58541;tons;File MBL2 SOL.xlsx
Marche_TBB;2012;7;13.37242;tons;File MBL2 SOL.xlsx
Marche_TBB;2012;8;0.77779;tons;File MBL2 SOL.xlsx
Marche_TBB;2012;12;5.93548;tons;File MBL2 SOL.xlsx
Marche_TBB;2013;1;5.2477;tons;File MBL2 SOL.xlsx
Marche_TBB;2013;2;3.82734;tons;File MBL2 SOL.xlsx
Marche_TBB;2013;3;4.57873;tons;File MBL2 SOL.xlsx
Marche_TBB;2013;4;3.70538;tons;File MBL2 SOL.xlsx
Marche_TBB;2013;5;3.36927;tons;File MBL2 SOL.xlsx
Marche_TBB;2013;6;2.82395;tons;File MBL2 SOL.xlsx
Marche_TBB;2013;7;2.85074;tons;File MBL2 SOL.xlsx
Marche_TBB;2013;8;2.41519;tons;File MBL2 SOL.xlsx
Marche_TBB;2013;9;1.9216;tons;File MBL2 SOL.xlsx
Marche_TBB;2013;10;1.56966;tons;File MBL2 SOL.xlsx
Marche_TBB;2013;11;1.19019;tons;File MBL2 SOL.xlsx
Marche_TBB;2013;12;1.19817;tons;File MBL2 SOL.xlsx
Marche_TBB;2014;1;16.27318;tons;File MBL2 SOL.xlsx
Marche_TBB;2014;2;22.29606;tons;File MBL2 SOL.xlsx
Marche_TBB;2014;3;19.45555;tons;File MBL2 SOL.xlsx
Marche_TBB;2014;4;23.16385;tons;File MBL2 SOL.xlsx
Marche_TBB;2014;5;24.20243;tons;File MBL2 SOL.xlsx
Marche_TBB;2014;6;20.70256;tons;File MBL2 SOL.xlsx
Marche_TBB;2014;7;15.76693;tons;File MBL2 SOL.xlsx
Marche_TBB;2014;8;2.97747;tons;File MBL2 SOL.xlsx
Marche_TBB;2014;9;7.30161;tons;File MBL2 SOL.xlsx
Marche_TBB;2014;10;30.92937;tons;File MBL2 SOL.xlsx
Marche_TBB;2014;11;21.06412;tons;File MBL2 SOL.xlsx
Marche_TBB;2014;12;12.81305;tons;File MBL2 SOL.xlsx
Marche_TBB;2015;1;17.78001;tons;File MBL2 SOL.xlsx
Marche_TBB;2015;2;20.67561;tons;File MBL2 SOL.xlsx
Marche_TBB;2015;3;19.58439;tons;File MBL2 SOL.xlsx
Marche_TBB;2015;4;14.53138;tons;File MBL2 SOL.xlsx
Marche_TBB;2015;5;14.4277;tons;File MBL2 SOL.xlsx
Marche_TBB;2015;6;17.07759;tons;File MBL2 SOL.xlsx
Marche_TBB;2015;7;11.59908;tons;File MBL2 SOL.xlsx
Marche_TBB;2015;8;4.43354;tons;File MBL2 SOL.xlsx
Marche_TBB;2015;9;2.59359;tons;File MBL2 SOL.xlsx
Marche_TBB;2015;10;11.70993;tons;File MBL2 SOL.xlsx
Marche_TBB;2015;11;17.36295;tons;File MBL2 SOL.xlsx
Marche_TBB;2015;12;21.47342;tons;File MBL2 SOL.xlsx
Marche_TBB;2016;1;12.04686;tons;File MBL2 SOL.xlsx
Marche_TBB;2016;2;9.83897;tons;File MBL2 SOL.xlsx
Marche_TBB;2016;3;10.97991;tons;File MBL2 SOL.xlsx
Marche_TBB;2016;4;10.31351;tons;File MBL2 SOL.xlsx
Marche_TBB;2016;5;16.77846;tons;File MBL2 SOL.xlsx
Marche_TBB;2016;6;17.0021;tons;File MBL2 SOL.xlsx
Marche_TBB;2016;7;22.4039;tons;File MBL2 SOL.xlsx
Marche_TBB;2016;8;11.99696;tons;File MBL2 SOL.xlsx
Marche_TBB;2016;9;6.51686;tons;File MBL2 SOL.xlsx
Marche_TBB;2016;10;17.02387;tons;File MBL2 SOL.xlsx
Marche_TBB;2016;11;21.5269;tons;File MBL2 SOL.xlsx
Marche_TBB;2016;12;21.11873;tons;File MBL2 SOL.xlsx
Marche_TBB;2017;1;28.44613;tons;File MBL2 SOL.xlsx
Marche_TBB;2017;2;21.21722;tons;File MBL2 SOL.xlsx
Marche_TBB;2017;3;11.89793;tons;File MBL2 SOL.xlsx
Marche_TBB;2017;4;11.00182;tons;File MBL2 SOL.xlsx
Marche_TBB;2017;5;18.73367;tons;File MBL2 SOL.xlsx
Marche_TBB;2017;6;18.50401;tons;File MBL2 SOL.xlsx
Marche_TBB;2017;7;27.66518;tons;File MBL2 SOL.xlsx
Marche_TBB;2017;8;0.533;tons;File MBL2 SOL.xlsx
Marche_TBB;2017;9;5.27916;tons;File MBL2 SOL.xlsx
Marche_TBB;2017;10;37.49476;tons;File MBL2 SOL.xlsx
Marche_TBB;2017;11;29.61363;tons;File MBL2 SOL.xlsx
Marche_TBB;2017;12;22.99129;tons;File MBL2 SOL.xlsx
Marche_TBB;2018;1;15.6525;tons;File MBL2 SOL.xlsx
Marche_TBB;2018;2;14.86439;tons;File MBL2 SOL.xlsx
Marche_TBB;2018;3;18.30146;tons;File MBL2 SOL.xlsx
Marche_TBB;2018;4;18.52978;tons;File MBL2 SOL.xlsx
Marche_TBB;2018;5;23.97924;tons;File MBL2 SOL.xlsx
Marche_TBB;2018;6;22.47999;tons;File MBL2 SOL.xlsx
Marche_TBB;2018;7;23.85547;tons;File MBL2 SOL.xlsx
Marche_TBB;2018;8;0.27939;tons;File MBL2 SOL.xlsx
Marche_TBB;2018;9;31.10316;tons;File MBL2 SOL.xlsx
Marche_TBB;2018;10;41.98288;tons;File MBL2 SOL.xlsx
Marche_TBB;2018;11;38.70678;tons;File MBL2 SOL.xlsx
Marche_TBB;2018;12;28.05192;tons;File MBL2 SOL.xlsx
Marche_TM;2005;3;0.00175;tons;File MBL2 SOL.xlsx
Marche_TM;2005;4;0.00334;tons;File MBL2 SOL.xlsx
Marche_TM;2015;11;0.19997;tons;File MBL2 SOL.xlsx
Marche_TM;2015;12;0.47988;tons;File MBL2 SOL.xlsx
Marche_TM;2018;10;0.18669;tons;File MBL2 SOL.xlsx
Molise_DTS;2005;1;0.13575;tons;File MBL2 SOL.xlsx
Molise_DTS;2005;2;0.12527;tons;File MBL2 SOL.xlsx
Molise_DTS;2005;3;0.31253;tons;File MBL2 SOL.xlsx
Molise_DTS;2005;4;0.15644;tons;File MBL2 SOL.xlsx
Molise_DTS;2005;5;0.44294;tons;File MBL2 SOL.xlsx
Molise_DTS;2005;6;0.55737;tons;File MBL2 SOL.xlsx
Molise_DTS;2005;7;0.97628;tons;File MBL2 SOL.xlsx
Molise_DTS;2005;8;0.31643;tons;File MBL2 SOL.xlsx
Molise_DTS;2005;9;0.63452;tons;File MBL2 SOL.xlsx
Molise_DTS;2005;10;1.85333;tons;File MBL2 SOL.xlsx
Molise_DTS;2005;11;1.28801;tons;File MBL2 SOL.xlsx
Molise_DTS;2005;12;1.23391;tons;File MBL2 SOL.xlsx
Molise_DTS;2006;1;0.79946;tons;File MBL2 SOL.xlsx
Molise_DTS;2006;2;0.623;tons;File MBL2 SOL.xlsx
Molise_DTS;2006;3;0.70793;tons;File MBL2 SOL.xlsx
Molise_DTS;2006;4;0.6238;tons;File MBL2 SOL.xlsx
Molise_DTS;2006;5;0.63778;tons;File MBL2 SOL.xlsx
Molise_DTS;2006;6;0.48446;tons;File MBL2 SOL.xlsx
Molise_DTS;2006;7;0.32941;tons;File MBL2 SOL.xlsx
Molise_DTS;2006;8;0.11258;tons;File MBL2 SOL.xlsx
Molise_DTS;2006;9;0.9403;tons;File MBL2 SOL.xlsx
Molise_DTS;2006;10;0.6934;tons;File MBL2 SOL.xlsx
Molise_DTS;2006;11;0.99677;tons;File MBL2 SOL.xlsx
Molise_DTS;2006;12;0.57184;tons;File MBL2 SOL.xlsx
Molise_DTS;2007;1;0.62107;tons;File MBL2 SOL.xlsx
Molise_DTS;2007;2;0.93535;tons;File MBL2 SOL.xlsx
Molise_DTS;2007;3;0.55254;tons;File MBL2 SOL.xlsx
Molise_DTS;2007;4;0.64243;tons;File MBL2 SOL.xlsx
Molise_DTS;2007;5;0.61106;tons;File MBL2 SOL.xlsx
Molise_DTS;2007;6;0.47116;tons;File MBL2 SOL.xlsx
Molise_DTS;2007;7;0.91022;tons;File MBL2 SOL.xlsx
Molise_DTS;2007;8;0.29428;tons;File MBL2 SOL.xlsx
Molise_DTS;2007;9;0.70177;tons;File MBL2 SOL.xlsx
Molise_DTS;2007;10;1.16684;tons;File MBL2 SOL.xlsx
Molise_DTS;2007;11;1.0865;tons;File MBL2 SOL.xlsx
Molise_DTS;2007;12;1.12018;tons;File MBL2 SOL.xlsx
Molise_DTS;2008;1;0.47633;tons;File MBL2 SOL.xlsx
Molise_DTS;2008;2;0.9258;tons;File MBL2 SOL.xlsx
Molise_DTS;2008;3;1.01104;tons;File MBL2 SOL.xlsx
Molise_DTS;2008;4;1.19107;tons;File MBL2 SOL.xlsx
Molise_DTS;2008;5;1.20607;tons;File MBL2 SOL.xlsx
Molise_DTS;2008;6;0.40925;tons;File MBL2 SOL.xlsx
Molise_DTS;2008;7;1.46897;tons;File MBL2 SOL.xlsx
Molise_DTS;2008;9;1.48792;tons;File MBL2 SOL.xlsx
Molise_DTS;2008;10;1.28253;tons;File MBL2 SOL.xlsx
Molise_DTS;2008;11;1.41136;tons;File MBL2 SOL.xlsx
Molise_DTS;2008;12;2.07614;tons;File MBL2 SOL.xlsx
Molise_DTS;2009;1;1.46764;tons;File MBL2 SOL.xlsx
Molise_DTS;2009;2;0.8252;tons;File MBL2 SOL.xlsx
Molise_DTS;2009;3;1.07304;tons;File MBL2 SOL.xlsx
Molise_DTS;2009;4;0.88988;tons;File MBL2 SOL.xlsx
Molise_DTS;2009;5;0.50254;tons;File MBL2 SOL.xlsx
Molise_DTS;2009;6;0.36123;tons;File MBL2 SOL.xlsx
Molise_DTS;2009;7;1.18008;tons;File MBL2 SOL.xlsx
Molise_DTS;2009;9;1.34127;tons;File MBL2 SOL.xlsx
Molise_DTS;2009;10;1.49352;tons;File MBL2 SOL.xlsx
Molise_DTS;2009;11;1.52447;tons;File MBL2 SOL.xlsx
Molise_DTS;2009;12;1.5122;tons;File MBL2 SOL.xlsx
Molise_DTS;2010;1;1.29133;tons;File MBL2 SOL.xlsx
Molise_DTS;2010;2;1.38127;tons;File MBL2 SOL.xlsx
Molise_DTS;2010;3;1.72817;tons;File MBL2 SOL.xlsx
Molise_DTS;2010;4;1.02702;tons;File MBL2 SOL.xlsx
Molise_DTS;2010;5;0.72481;tons;File MBL2 SOL.xlsx
Molise_DTS;2010;6;1.11469;tons;File MBL2 SOL.xlsx
Molise_DTS;2010;7;0.76726;tons;File MBL2 SOL.xlsx
Molise_DTS;2010;9;1.6881;tons;File MBL2 SOL.xlsx
Molise_DTS;2010;10;1.38552;tons;File MBL2 SOL.xlsx
Molise_DTS;2010;11;1.15487;tons;File MBL2 SOL.xlsx
Molise_DTS;2010;12;1.52866;tons;File MBL2 SOL.xlsx
Molise_DTS;2011;1;0.38807;tons;File MBL2 SOL.xlsx
Molise_DTS;2011;2;0.2872;tons;File MBL2 SOL.xlsx
Molise_DTS;2011;3;0.5934;tons;File MBL2 SOL.xlsx
Molise_DTS;2011;4;0.42631;tons;File MBL2 SOL.xlsx
Molise_DTS;2011;5;0.47251;tons;File MBL2 SOL.xlsx
Molise_DTS;2011;6;0.50195;tons;File MBL2 SOL.xlsx
Molise_DTS;2011;7;0.64396;tons;File MBL2 SOL.xlsx
Molise_DTS;2011;10;0.61259;tons;File MBL2 SOL.xlsx
Molise_DTS;2011;11;0.48929;tons;File MBL2 SOL.xlsx
Molise_DTS;2011;12;0.2979;tons;File MBL2 SOL.xlsx
Molise_DTS;2012;1;0.36049;tons;File MBL2 SOL.xlsx
Molise_DTS;2012;2;0.4525;tons;File MBL2 SOL.xlsx
Molise_DTS;2012;3;0.44334;tons;File MBL2 SOL.xlsx
Molise_DTS;2012;4;0.63053;tons;File MBL2 SOL.xlsx
Molise_DTS;2012;5;0.67547;tons;File MBL2 SOL.xlsx
Molise_DTS;2012;6;0.67491;tons;File MBL2 SOL.xlsx
Molise_DTS;2012;7;0.78054;tons;File MBL2 SOL.xlsx
Molise_DTS;2012;8;0.05849;tons;File MBL2 SOL.xlsx
Molise_DTS;2012;9;0.27656;tons;File MBL2 SOL.xlsx
Molise_DTS;2012;10;0.62141;tons;File MBL2 SOL.xlsx
Molise_DTS;2012;11;0.80736;tons;File MBL2 SOL.xlsx
Molise_DTS;2012;12;0.27012;tons;File MBL2 SOL.xlsx
Molise_DTS;2013;1;0.11887;tons;File MBL2 SOL.xlsx
Molise_DTS;2013;2;0.08645;tons;File MBL2 SOL.xlsx
Molise_DTS;2013;3;0.14112;tons;File MBL2 SOL.xlsx
Molise_DTS;2013;4;0.13785;tons;File MBL2 SOL.xlsx
Molise_DTS;2013;5;0.1126;tons;File MBL2 SOL.xlsx
Molise_DTS;2013;6;0.09849;tons;File MBL2 SOL.xlsx
Molise_DTS;2013;7;0.1214;tons;File MBL2 SOL.xlsx
Molise_DTS;2013;8;0.00149;tons;File MBL2 SOL.xlsx
Molise_DTS;2013;9;0.08134;tons;File MBL2 SOL.xlsx
Molise_DTS;2013;10;0.09372;tons;File MBL2 SOL.xlsx
Molise_DTS;2013;11;0.0939;tons;File MBL2 SOL.xlsx
Molise_DTS;2013;12;0.13147;tons;File MBL2 SOL.xlsx
Molise_DTS;2014;1;0.70262;tons;File MBL2 SOL.xlsx
Molise_DTS;2014;2;0.5;tons;File MBL2 SOL.xlsx
Molise_DTS;2014;3;0.4554;tons;File MBL2 SOL.xlsx
Molise_DTS;2014;4;0.46516;tons;File MBL2 SOL.xlsx
Molise_DTS;2014;5;0.80221;tons;File MBL2 SOL.xlsx
Molise_DTS;2014;6;0.52534;tons;File MBL2 SOL.xlsx
Molise_DTS;2014;7;0.46495;tons;File MBL2 SOL.xlsx
Molise_DTS;2014;8;0.02938;tons;File MBL2 SOL.xlsx
Molise_DTS;2014;9;0.31548;tons;File MBL2 SOL.xlsx
Molise_DTS;2014;10;0.52984;tons;File MBL2 SOL.xlsx
Molise_DTS;2014;11;0.5256;tons;File MBL2 SOL.xlsx
Molise_DTS;2014;12;0.37825;tons;File MBL2 SOL.xlsx
Molise_DTS;2015;1;0.04354;tons;File MBL2 SOL.xlsx
Molise_DTS;2015;2;0.3728;tons;File MBL2 SOL.xlsx
Molise_DTS;2015;3;1.4107;tons;File MBL2 SOL.xlsx
Molise_DTS;2015;4;0.77868;tons;File MBL2 SOL.xlsx
Molise_DTS;2015;5;0.82501;tons;File MBL2 SOL.xlsx
Molise_DTS;2015;6;0.34024;tons;File MBL2 SOL.xlsx
Molise_DTS;2015;7;0.99729;tons;File MBL2 SOL.xlsx
Molise_DTS;2015;8;0.01729;tons;File MBL2 SOL.xlsx
Molise_DTS;2015;10;0.31985;tons;File MBL2 SOL.xlsx
Molise_DTS;2015;11;0.43579;tons;File MBL2 SOL.xlsx
Molise_DTS;2015;12;0.04702;tons;File MBL2 SOL.xlsx
Molise_DTS;2016;1;1.74517;tons;File MBL2 SOL.xlsx
Molise_DTS;2016;2;1.6509;tons;File MBL2 SOL.xlsx
Molise_DTS;2016;3;1.78361;tons;File MBL2 SOL.xlsx
Molise_DTS;2016;4;1.23668;tons;File MBL2 SOL.xlsx
Molise_DTS;2016;5;1.52599;tons;File MBL2 SOL.xlsx
Molise_DTS;2016;6;1.35843;tons;File MBL2 SOL.xlsx
Molise_DTS;2016;7;2.45765;tons;File MBL2 SOL.xlsx
Molise_DTS;2016;8;0.13656;tons;File MBL2 SOL.xlsx
Molise_DTS;2016;9;0.1069;tons;File MBL2 SOL.xlsx
Molise_DTS;2016;10;1.17182;tons;File MBL2 SOL.xlsx
Molise_DTS;2016;11;1.30721;tons;File MBL2 SOL.xlsx
Molise_DTS;2016;12;1.68375;tons;File MBL2 SOL.xlsx
Molise_DTS;2017;1;0.70188;tons;File MBL2 SOL.xlsx
Molise_DTS;2017;2;0.66763;tons;File MBL2 SOL.xlsx
Molise_DTS;2017;3;0.63329;tons;File MBL2 SOL.xlsx
Molise_DTS;2017;4;0.4831;tons;File MBL2 SOL.xlsx
Molise_DTS;2017;5;1.00415;tons;File MBL2 SOL.xlsx
Molise_DTS;2017;6;0.28814;tons;File MBL2 SOL.xlsx
Molise_DTS;2017;7;0.63892;tons;File MBL2 SOL.xlsx
Molise_DTS;2017;8;0.13182;tons;File MBL2 SOL.xlsx
Molise_DTS;2017;11;0.71393;tons;File MBL2 SOL.xlsx
Molise_DTS;2017;12;0.2357;tons;File MBL2 SOL.xlsx
Molise_DTS;2018;1;0.49461;tons;File MBL2 SOL.xlsx
Molise_DTS;2018;2;0.5878;tons;File MBL2 SOL.xlsx
Molise_DTS;2018;3;0.83855;tons;File MBL2 SOL.xlsx
Molise_DTS;2018;4;0.92876;tons;File MBL2 SOL.xlsx
Molise_DTS;2018;5;0.55411;tons;File MBL2 SOL.xlsx
Molise_DTS;2018;6;1.18773;tons;File MBL2 SOL.xlsx
Molise_DTS;2018;7;1.24851;tons;File MBL2 SOL.xlsx
Molise_DTS;2018;8;0.49917;tons;File MBL2 SOL.xlsx
Molise_DTS;2018;9;0.2529;tons;File MBL2 SOL.xlsx
Molise_DTS;2018;10;1.50586;tons;File MBL2 SOL.xlsx
Molise_DTS;2018;11;1.20132;tons;File MBL2 SOL.xlsx
Molise_DTS;2018;12;0.99508;tons;File MBL2 SOL.xlsx
Molise_PGP;2005;10;0.97204;tons;File MBL2 SOL.xlsx
Molise_PGP;2005;11;0.05048;tons;File MBL2 SOL.xlsx
Molise_PGP;2006;7;0.24702;tons;File MBL2 SOL.xlsx
Molise_PGP;2006;8;0.17518;tons;File MBL2 SOL.xlsx
Molise_PGP;2006;9;0.06544;tons;File MBL2 SOL.xlsx
Molise_PGP;2007;8;0.12066;tons;File MBL2 SOL.xlsx
Molise_PGP;2007;9;0.04075;tons;File MBL2 SOL.xlsx
Molise_PGP;2012;3;0.35349;tons;File MBL2 SOL.xlsx
Molise_PGP;2012;4;0.52376;tons;File MBL2 SOL.xlsx
Molise_PGP;2012;5;0.1412;tons;File MBL2 SOL.xlsx
Molise_PGP;2012;7;0.16586;tons;File MBL2 SOL.xlsx
Molise_PGP;2015;7;0.41999;tons;File MBL2 SOL.xlsx
Molise_PGP;2015;10;0.14391;tons;File MBL2 SOL.xlsx
Molise_PGP;2016;6;0.24461;tons;File MBL2 SOL.xlsx
Molise_PGP;2016;8;0.76518;tons;File MBL2 SOL.xlsx
Molise_PGP;2016;11;0.07522;tons;File MBL2 SOL.xlsx
Molise_PGP;2016;12;0.35387;tons;File MBL2 SOL.xlsx
Molise_PGP;2018;4;0.02588;tons;File MBL2 SOL.xlsx
Molise_PGP;2018;5;0.1078;tons;File MBL2 SOL.xlsx
Molise_PGP;2018;6;0.09788;tons;File MBL2 SOL.xlsx
Molise_PGP;2018;7;0.09788;tons;File MBL2 SOL.xlsx
Molise_PGP;2018;10;0.27579;tons;File MBL2 SOL.xlsx
Puglia adriatica_DTS;2005;1;0.00756;tons;File MBL2 SOL.xlsx
Puglia adriatica_DTS;2005;2;0.09227;tons;File MBL2 SOL.xlsx
Puglia adriatica_DTS;2005;3;0.16434;tons;File MBL2 SOL.xlsx
Puglia adriatica_DTS;2005;4;0.24807;tons;File MBL2 SOL.xlsx
Puglia adriatica_DTS;2005;5;0.48845;tons;File MBL2 SOL.xlsx
Puglia adriatica_DTS;2005;6;0.3034;tons;File MBL2 SOL.xlsx
Puglia adriatica_DTS;2005;7;0.30615;tons;File MBL2 SOL.xlsx
Puglia adriatica_DTS;2005;8;0.86472;tons;File MBL2 SOL.xlsx
Puglia adriatica_DTS;2005;9;0.27793;tons;File MBL2 SOL.xlsx
Puglia adriatica_DTS;2005;10;0.29279;tons;File MBL2 SOL.xlsx
Puglia adriatica_DTS;2005;12;0.10649;tons;File MBL2 SOL.xlsx
Puglia adriatica_DTS;2006;1;0.0277;tons;File MBL2 SOL.xlsx
Puglia adriatica_DTS;2006;3;0.66918;tons;File MBL2 SOL.xlsx
Puglia adriatica_DTS;2006;4;0.41113;tons;File MBL2 SOL.xlsx
Puglia adriatica_DTS;2006;5;1.4537;tons;File MBL2 SOL.xlsx
Puglia adriatica_DTS;2006;6;0.76444;tons;File MBL2 SOL.xlsx
Puglia adriatica_DTS;2006;7;0.76693;tons;File MBL2 SOL.xlsx
Puglia adriatica_DTS;2006;8;0.74375;tons;File MBL2 SOL.xlsx
Puglia adriatica_DTS;2006;9;0.04943;tons;File MBL2 SOL.xlsx
Puglia adriatica_DTS;2006;10;0.01258;tons;File MBL2 SOL.xlsx
Puglia adriatica_DTS;2006;12;0.5114;tons;File MBL2 SOL.xlsx
Puglia adriatica_DTS;2007;1;0.01987;tons;File MBL2 SOL.xlsx
Puglia adriatica_DTS;2007;2;0.34071;tons;File MBL2 SOL.xlsx
Puglia adriatica_DTS;2007;3;0.08785;tons;File MBL2 SOL.xlsx
Puglia adriatica_DTS;2007;4;0.72573;tons;File MBL2 SOL.xlsx
Puglia adriatica_DTS;2007;5;0.36893;tons;File MBL2 SOL.xlsx
Puglia adriatica_DTS;2007;6;0.08839;tons;File MBL2 SOL.xlsx
Puglia adriatica_DTS;2007;7;1.30583;tons;File MBL2 SOL.xlsx
Puglia adriatica_DTS;2007;8;0.19211;tons;File MBL2 SOL.xlsx
Puglia adriatica_DTS;2007;9;0.03384;tons;File MBL2 SOL.xlsx
Puglia adriatica_DTS;2007;10;0.04305;tons;File MBL2 SOL.xlsx
Puglia adriatica_DTS;2007;11;0.07242;tons;File MBL2 SOL.xlsx
Puglia adriatica_DTS;2007;12;0.11808;tons;File MBL2 SOL.xlsx
Puglia adriatica_DTS;2008;1;0.00892;tons;File MBL2 SOL.xlsx
Puglia adriatica_DTS;2008;3;0.02279;tons;File MBL2 SOL.xlsx
Puglia adriatica_DTS;2008;4;0.10515;tons;File MBL2 SOL.xlsx
Puglia adriatica_DTS;2008;5;0.06014;tons;File MBL2 SOL.xlsx
Puglia adriatica_DTS;2008;6;0.02925;tons;File MBL2 SOL.xlsx
Puglia adriatica_DTS;2008;7;0.03255;tons;File MBL2 SOL.xlsx
Puglia adriatica_DTS;2008;8;0.09364;tons;File MBL2 SOL.xlsx
Puglia adriatica_DTS;2009;2;0.01487;tons;File MBL2 SOL.xlsx
Puglia adriatica_DTS;2009;3;0.0264;tons;File MBL2 SOL.xlsx
Puglia adriatica_DTS;2009;4;0.03282;tons;File MBL2 SOL.xlsx
Puglia adriatica_DTS;2009;8;0.02153;tons;File MBL2 SOL.xlsx
Puglia adriatica_DTS;2009;9;0.04229;tons;File MBL2 SOL.xlsx
Puglia adriatica_DTS;2009;11;0.09741;tons;File MBL2 SOL.xlsx
Puglia adriatica_DTS;2010;6;0.04851;tons;File MBL2 SOL.xlsx
Puglia adriatica_DTS;2010;7;0.218;tons;File MBL2 SOL.xlsx
Puglia adriatica_DTS;2010;8;0.09086;tons;File MBL2 SOL.xlsx
Puglia adriatica_DTS;2010;9;0.05046;tons;File MBL2 SOL.xlsx
Puglia adriatica_DTS;2010;10;0.00379;tons;File MBL2 SOL.xlsx
Puglia adriatica_DTS;2011;1;0.18295;tons;File MBL2 SOL.xlsx
Puglia adriatica_DTS;2011;2;0.02788;tons;File MBL2 SOL.xlsx
Puglia adriatica_DTS;2011;3;0.06804;tons;File MBL2 SOL.xlsx
Puglia adriatica_DTS;2011;5;0.08755;tons;File MBL2 SOL.xlsx
Puglia adriatica_DTS;2011;6;0.1583;tons;File MBL2 SOL.xlsx
Puglia adriatica_DTS;2011;7;0.0799;tons;File MBL2 SOL.xlsx
Puglia adriatica_DTS;2011;11;0.01396;tons;File MBL2 SOL.xlsx
Puglia adriatica_DTS;2011;12;0.02752;tons;File MBL2 SOL.xlsx
Puglia adriatica_DTS;2012;10;0.11241;tons;File MBL2 SOL.xlsx
Puglia adriatica_DTS;2013;1;22.03682;tons;File MBL2 SOL.xlsx
Puglia adriatica_DTS;2013;2;2.74137;tons;File MBL2 SOL.xlsx
Puglia adriatica_DTS;2013;3;3.44189;tons;File MBL2 SOL.xlsx
Puglia adriatica_DTS;2013;4;2.6656;tons;File MBL2 SOL.xlsx
Puglia adriatica_DTS;2013;5;16.61244;tons;File MBL2 SOL.xlsx
Puglia adriatica_DTS;2013;6;11.07058;tons;File MBL2 SOL.xlsx
Puglia adriatica_DTS;2013;7;11.41705;tons;File MBL2 SOL.xlsx
Puglia adriatica_DTS;2013;8;0.76119;tons;File MBL2 SOL.xlsx
Puglia adriatica_DTS;2013;9;5.48997;tons;File MBL2 SOL.xlsx
Puglia adriatica_DTS;2013;10;14.9417;tons;File MBL2 SOL.xlsx
Puglia adriatica_DTS;2013;11;5.1195;tons;File MBL2 SOL.xlsx
Puglia adriatica_DTS;2013;12;9.71832;tons;File MBL2 SOL.xlsx
Puglia adriatica_DTS;2014;1;2.02388;tons;File MBL2 SOL.xlsx
Puglia adriatica_DTS;2014;2;3.80063;tons;File MBL2 SOL.xlsx
Puglia adriatica_DTS;2014;3;3.42316;tons;File MBL2 SOL.xlsx
Puglia adriatica_DTS;2014;4;4.15138;tons;File MBL2 SOL.xlsx
Puglia adriatica_DTS;2014;5;5.04033;tons;File MBL2 SOL.xlsx
Puglia adriatica_DTS;2014;6;4.32805;tons;File MBL2 SOL.xlsx
Puglia adriatica_DTS;2014;7;9.80486;tons;File MBL2 SOL.xlsx
Puglia adriatica_DTS;2014;8;3.8972;tons;File MBL2 SOL.xlsx
Puglia adriatica_DTS;2014;9;4.80481;tons;File MBL2 SOL.xlsx
Puglia adriatica_DTS;2014;10;9.51212;tons;File MBL2 SOL.xlsx
Puglia adriatica_DTS;2014;11;8.23179;tons;File MBL2 SOL.xlsx
Puglia adriatica_DTS;2014;12;7.13592;tons;File MBL2 SOL.xlsx
Puglia adriatica_DTS;2015;1;16.15782;tons;File MBL2 SOL.xlsx
Puglia adriatica_DTS;2015;2;16.3952;tons;File MBL2 SOL.xlsx
Puglia adriatica_DTS;2015;3;17.70743;tons;File MBL2 SOL.xlsx
Puglia adriatica_DTS;2015;4;18.53203;tons;File MBL2 SOL.xlsx
Puglia adriatica_DTS;2015;5;25.66361;tons;File MBL2 SOL.xlsx
Puglia adriatica_DTS;2015;6;22.17371;tons;File MBL2 SOL.xlsx
Puglia adriatica_DTS;2015;7;13.45906;tons;File MBL2 SOL.xlsx
Puglia adriatica_DTS;2015;8;2.55357;tons;File MBL2 SOL.xlsx
Puglia adriatica_DTS;2015;9;3.997;tons;File MBL2 SOL.xlsx
Puglia adriatica_DTS;2015;10;20.56636;tons;File MBL2 SOL.xlsx
Puglia adriatica_DTS;2015;11;21.89517;tons;File MBL2 SOL.xlsx
Puglia adriatica_DTS;2015;12;11.46227;tons;File MBL2 SOL.xlsx
Puglia adriatica_DTS;2016;1;15.2587;tons;File MBL2 SOL.xlsx
Puglia adriatica_DTS;2016;2;11.0949;tons;File MBL2 SOL.xlsx
Puglia adriatica_DTS;2016;3;14.74515;tons;File MBL2 SOL.xlsx
Puglia adriatica_DTS;2016;4;12.36331;tons;File MBL2 SOL.xlsx
Puglia adriatica_DTS;2016;5;18.71841;tons;File MBL2 SOL.xlsx
Puglia adriatica_DTS;2016;6;19.47559;tons;File MBL2 SOL.xlsx
Puglia adriatica_DTS;2016;7;11.37821;tons;File MBL2 SOL.xlsx
Puglia adriatica_DTS;2016;8;2.95011;tons;File MBL2 SOL.xlsx
Puglia adriatica_DTS;2016;9;4.44833;tons;File MBL2 SOL.xlsx
Puglia adriatica_DTS;2016;10;16.33329;tons;File MBL2 SOL.xlsx
Puglia adriatica_DTS;2016;11;22.64101;tons;File MBL2 SOL.xlsx
Puglia adriatica_DTS;2016;12;12.74153;tons;File MBL2 SOL.xlsx
Puglia adriatica_DTS;2017;1;1.26034;tons;File MBL2 SOL.xlsx
Puglia adriatica_DTS;2017;2;1.86325;tons;File MBL2 SOL.xlsx
Puglia adriatica_DTS;2017;3;1.40711;tons;File MBL2 SOL.xlsx
Puglia adriatica_DTS;2017;4;2.06634;tons;File MBL2 SOL.xlsx
Puglia adriatica_DTS;2017;5;0.84144;tons;File MBL2 SOL.xlsx
Puglia adriatica_DTS;2017;6;0.09134;tons;File MBL2 SOL.xlsx
Puglia adriatica_DTS;2017;7;1.72154;tons;File MBL2 SOL.xlsx
Puglia adriatica_DTS;2017;9;1.27953;tons;File MBL2 SOL.xlsx
Puglia adriatica_DTS;2017;10;0.76756;tons;File MBL2 SOL.xlsx
Puglia adriatica_DTS;2017;11;1.6085;tons;File MBL2 SOL.xlsx
Puglia adriatica_DTS;2017;12;1.23268;tons;File MBL2 SOL.xlsx
Puglia adriatica_DTS;2018;1;1.48997;tons;File MBL2 SOL.xlsx
Puglia adriatica_DTS;2018;2;0.77157;tons;File MBL2 SOL.xlsx
Puglia adriatica_DTS;2018;3;2.09268;tons;File MBL2 SOL.xlsx
Puglia adriatica_DTS;2018;4;0.33265;tons;File MBL2 SOL.xlsx
Puglia adriatica_DTS;2018;5;1.36452;tons;File MBL2 SOL.xlsx
Puglia adriatica_DTS;2018;6;1.58523;tons;File MBL2 SOL.xlsx
Puglia adriatica_DTS;2018;7;1.40403;tons;File MBL2 SOL.xlsx
Puglia adriatica_DTS;2018;8;0.65286;tons;File MBL2 SOL.xlsx
Puglia adriatica_DTS;2018;9;0.11107;tons;File MBL2 SOL.xlsx
Puglia adriatica_DTS;2018;10;0.60713;tons;File MBL2 SOL.xlsx
Puglia adriatica_DTS;2018;11;1.8461;tons;File MBL2 SOL.xlsx
Puglia adriatica_DTS;2018;12;1.41867;tons;File MBL2 SOL.xlsx
Puglia adriatica_PGP;2013;6;5.89827;tons;File MBL2 SOL.xlsx
Puglia adriatica_PGP;2013;7;7.18995;tons;File MBL2 SOL.xlsx
Puglia adriatica_PGP;2013;8;7.94146;tons;File MBL2 SOL.xlsx
Puglia adriatica_PGP;2013;9;4.27382;tons;File MBL2 SOL.xlsx
Puglia adriatica_PGP;2016;6;0.00512;tons;File MBL2 SOL.xlsx
Puglia adriatica_PGP;2016;11;0.07989;tons;File MBL2 SOL.xlsx
Puglia adriatica_PGP;2017;1;0.19694;tons;File MBL2 SOL.xlsx
Puglia adriatica_PGP;2017;2;0.02198;tons;File MBL2 SOL.xlsx
Puglia adriatica_PGP;2017;3;0.07478;tons;File MBL2 SOL.xlsx
Puglia adriatica_PGP;2017;4;0.11919;tons;File MBL2 SOL.xlsx
Puglia adriatica_PGP;2017;5;0.43419;tons;File MBL2 SOL.xlsx
Puglia adriatica_PGP;2017;6;0.43863;tons;File MBL2 SOL.xlsx
Puglia adriatica_PGP;2017;7;0.03941;tons;File MBL2 SOL.xlsx
Puglia adriatica_PGP;2017;8;0.95461;tons;File MBL2 SOL.xlsx
Puglia adriatica_PGP;2017;9;0.07911;tons;File MBL2 SOL.xlsx
Puglia adriatica_PGP;2017;10;0.6834;tons;File MBL2 SOL.xlsx
Puglia adriatica_PGP;2017;11;0.08561;tons;File MBL2 SOL.xlsx
Puglia adriatica_PGP;2018;1;1.76768;tons;File MBL2 SOL.xlsx
Puglia adriatica_PGP;2018;2;2.64445;tons;File MBL2 SOL.xlsx
Puglia adriatica_PGP;2018;3;3.05026;tons;File MBL2 SOL.xlsx
Puglia adriatica_PGP;2018;4;2.83097;tons;File MBL2 SOL.xlsx
Puglia adriatica_PGP;2018;5;1.1817;tons;File MBL2 SOL.xlsx
Puglia adriatica_PGP;2018;6;5.8373;tons;File MBL2 SOL.xlsx
Puglia adriatica_PGP;2018;7;7.08245;tons;File MBL2 SOL.xlsx
Puglia adriatica_PGP;2018;8;5.24239;tons;File MBL2 SOL.xlsx
Puglia adriatica_PGP;2018;9;0.55881;tons;File MBL2 SOL.xlsx
Puglia adriatica_PGP;2018;10;0.14381;tons;File MBL2 SOL.xlsx
Puglia adriatica_PGP;2018;11;3.4544;tons;File MBL2 SOL.xlsx
Puglia adriatica_PGP;2018;12;3.45726;tons;File MBL2 SOL.xlsx
Puglia ionica_DTS;2013;1;0.04;tons;File MBL2 SOL.xlsx
Puglia ionica_DTS;2013;2;0.04852;tons;File MBL2 SOL.xlsx
Puglia ionica_DTS;2013;3;0.06496;tons;File MBL2 SOL.xlsx
Puglia ionica_DTS;2013;4;0.04362;tons;File MBL2 SOL.xlsx
Puglia ionica_DTS;2013;5;0.05337;tons;File MBL2 SOL.xlsx
Puglia ionica_DTS;2013;6;0.03829;tons;File MBL2 SOL.xlsx
Puglia ionica_DTS;2013;7;0.07174;tons;File MBL2 SOL.xlsx
Puglia ionica_DTS;2013;8;0.06995;tons;File MBL2 SOL.xlsx
Puglia ionica_DTS;2013;9;0.0518;tons;File MBL2 SOL.xlsx
Puglia ionica_DTS;2013;11;0.0218;tons;File MBL2 SOL.xlsx
Puglia ionica_DTS;2013;12;0.04692;tons;File MBL2 SOL.xlsx
Puglia ionica_DTS;2017;3;0.00247;tons;File MBL2 SOL.xlsx
Puglia ionica_DTS;2017;5;0.00531;tons;File MBL2 SOL.xlsx
Puglia ionica_DTS;2018;3;0.00741;tons;File MBL2 SOL.xlsx
Puglia ionica_DTS;2018;4;0.008;tons;File MBL2 SOL.xlsx
Puglia ionica_DTS;2018;12;0.00401;tons;File MBL2 SOL.xlsx
Puglia ionica_PGP;2005;1;0.0312;tons;File MBL2 SOL.xlsx
Puglia ionica_PGP;2005;2;0.55093;tons;File MBL2 SOL.xlsx
Puglia ionica_PGP;2005;3;0.84614;tons;File MBL2 SOL.xlsx
Puglia ionica_PGP;2005;4;0.39504;tons;File MBL2 SOL.xlsx
Puglia ionica_PGP;2005;5;0.97112;tons;File MBL2 SOL.xlsx
Puglia ionica_PGP;2005;6;0.67044;tons;File MBL2 SOL.xlsx
Puglia ionica_PGP;2005;7;0.16774;tons;File MBL2 SOL.xlsx
Puglia ionica_PGP;2005;8;0.68616;tons;File MBL2 SOL.xlsx
Puglia ionica_PGP;2005;9;0.36986;tons;File MBL2 SOL.xlsx
Puglia ionica_PGP;2005;10;0.52728;tons;File MBL2 SOL.xlsx
Puglia ionica_PGP;2005;11;1.02338;tons;File MBL2 SOL.xlsx
Puglia ionica_PGP;2005;12;0.23629;tons;File MBL2 SOL.xlsx
Puglia ionica_PGP;2006;1;0.47425;tons;File MBL2 SOL.xlsx
Puglia ionica_PGP;2006;2;0.17259;tons;File MBL2 SOL.xlsx
Puglia ionica_PGP;2006;3;0.03063;tons;File MBL2 SOL.xlsx
Puglia ionica_PGP;2006;4;0.03138;tons;File MBL2 SOL.xlsx
Puglia ionica_PGP;2006;6;0.10634;tons;File MBL2 SOL.xlsx
Puglia ionica_PGP;2006;7;0.09181;tons;File MBL2 SOL.xlsx
Puglia ionica_PGP;2006;8;0.70807;tons;File MBL2 SOL.xlsx
Puglia ionica_PGP;2006;9;0.25085;tons;File MBL2 SOL.xlsx
Puglia ionica_PGP;2006;10;0.54919;tons;File MBL2 SOL.xlsx
Puglia ionica_PGP;2006;11;0.25253;tons;File MBL2 SOL.xlsx
Puglia ionica_PGP;2006;12;0.17946;tons;File MBL2 SOL.xlsx
Puglia ionica_PGP;2007;1;0.02971;tons;File MBL2 SOL.xlsx
Puglia ionica_PGP;2007;4;0.02952;tons;File MBL2 SOL.xlsx
Puglia ionica_PGP;2007;6;0.10125;tons;File MBL2 SOL.xlsx
Puglia ionica_PGP;2007;7;0.18481;tons;File MBL2 SOL.xlsx
Puglia ionica_PGP;2007;8;0.24869;tons;File MBL2 SOL.xlsx
Puglia ionica_PGP;2007;9;0.03568;tons;File MBL2 SOL.xlsx
Puglia ionica_PGP;2007;10;0.0358;tons;File MBL2 SOL.xlsx
Puglia ionica_PGP;2007;11;0.89014;tons;File MBL2 SOL.xlsx
Puglia ionica_PGP;2007;12;0.24716;tons;File MBL2 SOL.xlsx
Puglia ionica_PGP;2008;1;0.1442;tons;File MBL2 SOL.xlsx
Puglia ionica_PGP;2008;3;0.01719;tons;File MBL2 SOL.xlsx
Puglia ionica_PGP;2008;4;0.05163;tons;File MBL2 SOL.xlsx
Puglia ionica_PGP;2008;6;0.00893;tons;File MBL2 SOL.xlsx
Puglia ionica_PGP;2008;7;0.0802;tons;File MBL2 SOL.xlsx
Puglia ionica_PGP;2008;8;0.02065;tons;File MBL2 SOL.xlsx
Puglia ionica_PGP;2008;9;0.66837;tons;File MBL2 SOL.xlsx
Puglia ionica_PGP;2008;10;0.19947;tons;File MBL2 SOL.xlsx
Puglia ionica_PGP;2008;11;0.25808;tons;File MBL2 SOL.xlsx
Puglia ionica_PGP;2008;12;0.07291;tons;File MBL2 SOL.xlsx
Puglia ionica_PGP;2009;1;0.01718;tons;File MBL2 SOL.xlsx
Puglia ionica_PGP;2009;4;0.2075;tons;File MBL2 SOL.xlsx
Puglia ionica_PGP;2009;6;0.18781;tons;File MBL2 SOL.xlsx
Puglia ionica_PGP;2009;7;0.41884;tons;File MBL2 SOL.xlsx
Puglia ionica_PGP;2009;8;2.14354;tons;File MBL2 SOL.xlsx
Puglia ionica_PGP;2009;9;1.48744;tons;File MBL2 SOL.xlsx
Puglia ionica_PGP;2009;10;0.40926;tons;File MBL2 SOL.xlsx
Puglia ionica_PGP;2010;3;0.55838;tons;File MBL2 SOL.xlsx
Puglia ionica_PGP;2010;4;2.14262;tons;File MBL2 SOL.xlsx
Puglia ionica_PGP;2010;5;2.18808;tons;File MBL2 SOL.xlsx
Puglia ionica_PGP;2010;6;0.83476;tons;File MBL2 SOL.xlsx
Puglia ionica_PGP;2010;8;1.23562;tons;File MBL2 SOL.xlsx
Puglia ionica_PGP;2010;9;1.19916;tons;File MBL2 SOL.xlsx
Puglia ionica_PGP;2010;10;1.3894;tons;File MBL2 SOL.xlsx
Puglia ionica_PGP;2010;11;3.0204;tons;File MBL2 SOL.xlsx
Puglia ionica_PGP;2010;12;4.69334;tons;File MBL2 SOL.xlsx
Puglia ionica_PGP;2011;1;1.37948;tons;File MBL2 SOL.xlsx
Puglia ionica_PGP;2011;2;0.76619;tons;File MBL2 SOL.xlsx
Puglia ionica_PGP;2011;3;1.0211;tons;File MBL2 SOL.xlsx
Puglia ionica_PGP;2011;4;0.71159;tons;File MBL2 SOL.xlsx
Puglia ionica_PGP;2011;5;0.49155;tons;File MBL2 SOL.xlsx
Puglia ionica_PGP;2011;6;1.20723;tons;File MBL2 SOL.xlsx
Puglia ionica_PGP;2011;7;1.56142;tons;File MBL2 SOL.xlsx
Puglia ionica_PGP;2011;8;1.78589;tons;File MBL2 SOL.xlsx
Puglia ionica_PGP;2011;9;0.9751;tons;File MBL2 SOL.xlsx
Puglia ionica_PGP;2011;10;1.03473;tons;File MBL2 SOL.xlsx
Puglia ionica_PGP;2011;11;0.17653;tons;File MBL2 SOL.xlsx
Puglia ionica_PGP;2011;12;0.33774;tons;File MBL2 SOL.xlsx
Puglia ionica_PGP;2012;1;0.11007;tons;File MBL2 SOL.xlsx
Puglia ionica_PGP;2012;2;0.04306;tons;File MBL2 SOL.xlsx
Puglia ionica_PGP;2012;3;0.28875;tons;File MBL2 SOL.xlsx
Puglia ionica_PGP;2012;4;0.78956;tons;File MBL2 SOL.xlsx
Puglia ionica_PGP;2012;5;0.99562;tons;File MBL2 SOL.xlsx
Puglia ionica_PGP;2012;6;0.81848;tons;File MBL2 SOL.xlsx
Puglia ionica_PGP;2012;7;0.95557;tons;File MBL2 SOL.xlsx
Puglia ionica_PGP;2012;8;0.95527;tons;File MBL2 SOL.xlsx
Puglia ionica_PGP;2012;9;0.35873;tons;File MBL2 SOL.xlsx
Puglia ionica_PGP;2012;10;1.02427;tons;File MBL2 SOL.xlsx
Puglia ionica_PGP;2012;11;0.84235;tons;File MBL2 SOL.xlsx
Puglia ionica_PGP;2012;12;0.03105;tons;File MBL2 SOL.xlsx
Puglia ionica_PGP;2013;1;1.01286;tons;File MBL2 SOL.xlsx
Puglia ionica_PGP;2013;2;1.08862;tons;File MBL2 SOL.xlsx
Puglia ionica_PGP;2013;3;1.29218;tons;File MBL2 SOL.xlsx
Puglia ionica_PGP;2013;4;0.43051;tons;File MBL2 SOL.xlsx
Puglia ionica_PGP;2013;5;0.37722;tons;File MBL2 SOL.xlsx
Puglia ionica_PGP;2013;6;0.07449;tons;File MBL2 SOL.xlsx
Puglia ionica_PGP;2013;8;0.3219;tons;File MBL2 SOL.xlsx
Puglia ionica_PGP;2013;9;0.47392;tons;File MBL2 SOL.xlsx
Puglia ionica_PGP;2013;10;0.48223;tons;File MBL2 SOL.xlsx
Puglia ionica_PGP;2013;11;1.07643;tons;File MBL2 SOL.xlsx
Puglia ionica_PGP;2013;12;0.85005;tons;File MBL2 SOL.xlsx
Puglia ionica_PGP;2014;1;0.27685;tons;File MBL2 SOL.xlsx
Puglia ionica_PGP;2014;2;0.40001;tons;File MBL2 SOL.xlsx
Puglia ionica_PGP;2014;3;0.11733;tons;File MBL2 SOL.xlsx
Puglia ionica_PGP;2014;5;0.19908;tons;File MBL2 SOL.xlsx
Puglia ionica_PGP;2014;6;0.17121;tons;File MBL2 SOL.xlsx
Puglia ionica_PGP;2014;7;0.05321;tons;File MBL2 SOL.xlsx
Puglia ionica_PGP;2014;8;0.13588;tons;File MBL2 SOL.xlsx
Puglia ionica_PGP;2014;9;0.33211;tons;File MBL2 SOL.xlsx
Puglia ionica_PGP;2014;10;0.28939;tons;File MBL2 SOL.xlsx
Puglia ionica_PGP;2014;11;0.29353;tons;File MBL2 SOL.xlsx
Puglia ionica_PGP;2014;12;0.52695;tons;File MBL2 SOL.xlsx
Puglia ionica_PGP;2015;1;1.66757;tons;File MBL2 SOL.xlsx
Puglia ionica_PGP;2015;2;1.7994;tons;File MBL2 SOL.xlsx
Puglia ionica_PGP;2015;3;0.76508;tons;File MBL2 SOL.xlsx
Puglia ionica_PGP;2015;4;0.45711;tons;File MBL2 SOL.xlsx
Puglia ionica_PGP;2015;5;0.2993;tons;File MBL2 SOL.xlsx
Puglia ionica_PGP;2015;8;0.46926;tons;File MBL2 SOL.xlsx
Puglia ionica_PGP;2015;9;0.52641;tons;File MBL2 SOL.xlsx
Puglia ionica_PGP;2015;10;1.80137;tons;File MBL2 SOL.xlsx
Puglia ionica_PGP;2015;11;2.8355;tons;File MBL2 SOL.xlsx
Puglia ionica_PGP;2015;12;4.22442;tons;File MBL2 SOL.xlsx
Puglia ionica_PGP;2016;1;2.58955;tons;File MBL2 SOL.xlsx
Puglia ionica_PGP;2016;2;1.76725;tons;File MBL2 SOL.xlsx
Puglia ionica_PGP;2016;3;0.77069;tons;File MBL2 SOL.xlsx
Puglia ionica_PGP;2016;4;0.2369;tons;File MBL2 SOL.xlsx
Puglia ionica_PGP;2016;5;0.17395;tons;File MBL2 SOL.xlsx
Puglia ionica_PGP;2016;9;0.40533;tons;File MBL2 SOL.xlsx
Puglia ionica_PGP;2016;10;2.71776;tons;File MBL2 SOL.xlsx
Puglia ionica_PGP;2016;11;3.76407;tons;File MBL2 SOL.xlsx
Puglia ionica_PGP;2016;12;4.16429;tons;File MBL2 SOL.xlsx
Puglia ionica_PGP;2017;1;0.72824;tons;File MBL2 SOL.xlsx
Puglia ionica_PGP;2017;2;0.88474;tons;File MBL2 SOL.xlsx
Puglia ionica_PGP;2017;3;0.32389;tons;File MBL2 SOL.xlsx
Puglia ionica_PGP;2017;4;0.14693;tons;File MBL2 SOL.xlsx
Puglia ionica_PGP;2017;5;0.21309;tons;File MBL2 SOL.xlsx
Puglia ionica_PGP;2017;6;0.54606;tons;File MBL2 SOL.xlsx
Puglia ionica_PGP;2017;7;0.01539;tons;File MBL2 SOL.xlsx
Puglia ionica_PGP;2017;8;0.02878;tons;File MBL2 SOL.xlsx
Puglia ionica_PGP;2017;9;0.22179;tons;File MBL2 SOL.xlsx
Puglia ionica_PGP;2017;10;0.4102;tons;File MBL2 SOL.xlsx
Puglia ionica_PGP;2017;11;0.57207;tons;File MBL2 SOL.xlsx
Puglia ionica_PGP;2017;12;0.86902;tons;File MBL2 SOL.xlsx
Puglia ionica_PGP;2018;1;0.80085;tons;File MBL2 SOL.xlsx
Puglia ionica_PGP;2018;2;0.93191;tons;File MBL2 SOL.xlsx
Puglia ionica_PGP;2018;3;0.72995;tons;File MBL2 SOL.xlsx
Puglia ionica_PGP;2018;4;0.08808;tons;File MBL2 SOL.xlsx
Puglia ionica_PGP;2018;5;0.12011;tons;File MBL2 SOL.xlsx
Puglia ionica_PGP;2018;7;0.7521;tons;File MBL2 SOL.xlsx
Puglia ionica_PGP;2018;8;0.759;tons;File MBL2 SOL.xlsx
Puglia ionica_PGP;2018;9;0.6425;tons;File MBL2 SOL.xlsx
Puglia ionica_PGP;2018;10;0.47222;tons;File MBL2 SOL.xlsx
Puglia ionica_PGP;2018;11;0.39848;tons;File MBL2 SOL.xlsx
Puglia ionica_PGP;2018;12;0.47404;tons;File MBL2 SOL.xlsx
SVN_DFN;2005;0;6.023;tons;DCF DGMARE MED
SVN_DFN;2006;0;5.166;tons;DCF DGMARE MED
SVN_DFN;2007;0;8.306;tons;DCF DGMARE MED
SVN_DFN;2008;0;6.549;tons;DCF DGMARE MED
SVN_DFN;2009;0;10.056;tons;DCF DGMARE MED
SVN_DFN;2010;0;7.732;tons;DCF DGMARE MED
SVN_DFN;2011;0;12.636;tons;DCF DGMARE MED
SVN_DFN;2012;0;8.054;tons;DCF DGMARE MED
SVN_DFN;2013;0;13.835;tons;DCF DGMARE MED
SVN_DFN;2014;0;13.437;tons;DCF DGMARE MED
SVN_DFN;2015;0;12.487;tons;DCF DGMARE MED
SVN_DFN;2016;0;10.657;tons;DCF DGMARE MED
SVN_DFN;2017;0;12.917;tons;DCF DGMARE MED
SVN_DFN;2018;0;9.714;tons;DCF DGMARE MED
Veneto_DRB;2017;10;0.02;tons;File MBL2 SOL.xlsx
Veneto_DRB;2018;4;0.00528;tons;File MBL2 SOL.xlsx
Veneto_DRB;2018;5;0.00251;tons;File MBL2 SOL.xlsx
Veneto_DRB;2018;10;0.0398;tons;File MBL2 SOL.xlsx
Veneto_DRB;2018;11;0.03212;tons;File MBL2 SOL.xlsx
Veneto_DRB;2018;12;0.21715;tons;File MBL2 SOL.xlsx
Veneto_DTS;2005;1;22.05984;tons;File MBL2 SOL.xlsx
Veneto_DTS;2005;2;29.28349;tons;File MBL2 SOL.xlsx
Veneto_DTS;2005;3;40.73189;tons;File MBL2 SOL.xlsx
Veneto_DTS;2005;4;33.50755;tons;File MBL2 SOL.xlsx
Veneto_DTS;2005;5;26.9472;tons;File MBL2 SOL.xlsx
Veneto_DTS;2005;6;20.3764;tons;File MBL2 SOL.xlsx
Veneto_DTS;2005;7;18.25811;tons;File MBL2 SOL.xlsx
Veneto_DTS;2005;9;25.58242;tons;File MBL2 SOL.xlsx
Veneto_DTS;2005;10;32.47989;tons;File MBL2 SOL.xlsx
Veneto_DTS;2005;11;26.71759;tons;File MBL2 SOL.xlsx
Veneto_DTS;2005;12;23.5728;tons;File MBL2 SOL.xlsx
Veneto_DTS;2006;1;21.1198;tons;File MBL2 SOL.xlsx
Veneto_DTS;2006;2;15.88505;tons;File MBL2 SOL.xlsx
Veneto_DTS;2006;3;10.891;tons;File MBL2 SOL.xlsx
Veneto_DTS;2006;4;3.15165;tons;File MBL2 SOL.xlsx
Veneto_DTS;2006;5;9.89672;tons;File MBL2 SOL.xlsx
Veneto_DTS;2006;6;13.12823;tons;File MBL2 SOL.xlsx
Veneto_DTS;2006;7;12.91104;tons;File MBL2 SOL.xlsx
Veneto_DTS;2006;8;1.3867;tons;File MBL2 SOL.xlsx
Veneto_DTS;2006;9;9.52577;tons;File MBL2 SOL.xlsx
Veneto_DTS;2006;10;8.79461;tons;File MBL2 SOL.xlsx
Veneto_DTS;2006;11;17.66605;tons;File MBL2 SOL.xlsx
Veneto_DTS;2006;12;13.32903;tons;File MBL2 SOL.xlsx
Veneto_DTS;2007;1;15.15468;tons;File MBL2 SOL.xlsx
Veneto_DTS;2007;2;11.94773;tons;File MBL2 SOL.xlsx
Veneto_DTS;2007;3;6.44749;tons;File MBL2 SOL.xlsx
Veneto_DTS;2007;4;7.56652;tons;File MBL2 SOL.xlsx
Veneto_DTS;2007;5;3.44705;tons;File MBL2 SOL.xlsx
Veneto_DTS;2007;6;5.42094;tons;File MBL2 SOL.xlsx
Veneto_DTS;2007;7;4.39779;tons;File MBL2 SOL.xlsx
Veneto_DTS;2007;8;1.2198;tons;File MBL2 SOL.xlsx
Veneto_DTS;2007;9;7.11395;tons;File MBL2 SOL.xlsx
Veneto_DTS;2007;10;15.45101;tons;File MBL2 SOL.xlsx
Veneto_DTS;2007;11;12.91794;tons;File MBL2 SOL.xlsx
Veneto_DTS;2007;12;11.30675;tons;File MBL2 SOL.xlsx
Veneto_DTS;2008;1;10.74485;tons;File MBL2 SOL.xlsx
Veneto_DTS;2008;2;8.66166;tons;File MBL2 SOL.xlsx
Veneto_DTS;2008;3;6.16425;tons;File MBL2 SOL.xlsx
Veneto_DTS;2008;4;6.79745;tons;File MBL2 SOL.xlsx
Veneto_DTS;2008;5;10.02858;tons;File MBL2 SOL.xlsx
Veneto_DTS;2008;6;4.69595;tons;File MBL2 SOL.xlsx
Veneto_DTS;2008;7;5.99295;tons;File MBL2 SOL.xlsx
Veneto_DTS;2008;8;0.02709;tons;File MBL2 SOL.xlsx
Veneto_DTS;2008;9;8.36449;tons;File MBL2 SOL.xlsx
Veneto_DTS;2008;10;8.88557;tons;File MBL2 SOL.xlsx
Veneto_DTS;2008;11;10.11249;tons;File MBL2 SOL.xlsx
Veneto_DTS;2008;12;8.11227;tons;File MBL2 SOL.xlsx
Veneto_DTS;2009;1;25.45019;tons;File MBL2 SOL.xlsx
Veneto_DTS;2009;2;16.90054;tons;File MBL2 SOL.xlsx
Veneto_DTS;2009;3;14.89945;tons;File MBL2 SOL.xlsx
Veneto_DTS;2009;4;10.94498;tons;File MBL2 SOL.xlsx
Veneto_DTS;2009;5;16.51156;tons;File MBL2 SOL.xlsx
Veneto_DTS;2009;6;15.43719;tons;File MBL2 SOL.xlsx
Veneto_DTS;2009;7;42.68275;tons;File MBL2 SOL.xlsx
Veneto_DTS;2009;8;1.2545;tons;File MBL2 SOL.xlsx
Veneto_DTS;2009;9;12.87325;tons;File MBL2 SOL.xlsx
Veneto_DTS;2009;10;11.14159;tons;File MBL2 SOL.xlsx
Veneto_DTS;2009;11;17.06326;tons;File MBL2 SOL.xlsx
Veneto_DTS;2009;12;16.43188;tons;File MBL2 SOL.xlsx
Veneto_DTS;2010;1;24.58748;tons;File MBL2 SOL.xlsx
Veneto_DTS;2010;2;18.95702;tons;File MBL2 SOL.xlsx
Veneto_DTS;2010;3;16.91539;tons;File MBL2 SOL.xlsx
Veneto_DTS;2010;4;12.31124;tons;File MBL2 SOL.xlsx
Veneto_DTS;2010;5;13.17584;tons;File MBL2 SOL.xlsx
Veneto_DTS;2010;6;15.3006;tons;File MBL2 SOL.xlsx
Veneto_DTS;2010;7;17.75713;tons;File MBL2 SOL.xlsx
Veneto_DTS;2010;9;26.83585;tons;File MBL2 SOL.xlsx
Veneto_DTS;2010;10;25.30289;tons;File MBL2 SOL.xlsx
Veneto_DTS;2010;11;27.8367;tons;File MBL2 SOL.xlsx
Veneto_DTS;2010;12;26.75395;tons;File MBL2 SOL.xlsx
Veneto_DTS;2011;1;11.49685;tons;File MBL2 SOL.xlsx
Veneto_DTS;2011;2;12.00573;tons;File MBL2 SOL.xlsx
Veneto_DTS;2011;3;14.61853;tons;File MBL2 SOL.xlsx
Veneto_DTS;2011;4;14.47217;tons;File MBL2 SOL.xlsx
Veneto_DTS;2011;5;15.31207;tons;File MBL2 SOL.xlsx
Veneto_DTS;2011;6;7.61248;tons;File MBL2 SOL.xlsx
Veneto_DTS;2011;7;9.37083;tons;File MBL2 SOL.xlsx
Veneto_DTS;2011;10;15.08687;tons;File MBL2 SOL.xlsx
Veneto_DTS;2011;11;8.74818;tons;File MBL2 SOL.xlsx
Veneto_DTS;2011;12;19.34554;tons;File MBL2 SOL.xlsx
Veneto_DTS;2012;1;14.97464;tons;File MBL2 SOL.xlsx
Veneto_DTS;2012;2;12.68395;tons;File MBL2 SOL.xlsx
Veneto_DTS;2012;3;16.47187;tons;File MBL2 SOL.xlsx
Veneto_DTS;2012;4;13.01514;tons;File MBL2 SOL.xlsx
Veneto_DTS;2012;5;11.69332;tons;File MBL2 SOL.xlsx
Veneto_DTS;2012;6;6.83299;tons;File MBL2 SOL.xlsx
Veneto_DTS;2012;7;3.52367;tons;File MBL2 SOL.xlsx
Veneto_DTS;2012;8;4.32741;tons;File MBL2 SOL.xlsx
Veneto_DTS;2012;9;18.96485;tons;File MBL2 SOL.xlsx
Veneto_DTS;2012;10;19.81696;tons;File MBL2 SOL.xlsx
Veneto_DTS;2012;11;28.07615;tons;File MBL2 SOL.xlsx
Veneto_DTS;2012;12;25.11325;tons;File MBL2 SOL.xlsx
Veneto_DTS;2013;1;16.70904;tons;File MBL2 SOL.xlsx
Veneto_DTS;2013;2;14.87414;tons;File MBL2 SOL.xlsx
Veneto_DTS;2013;3;12.11475;tons;File MBL2 SOL.xlsx
Veneto_DTS;2013;4;11.90767;tons;File MBL2 SOL.xlsx
Veneto_DTS;2013;5;16.13941;tons;File MBL2 SOL.xlsx
Veneto_DTS;2013;6;15.67271;tons;File MBL2 SOL.xlsx
Veneto_DTS;2013;7;9.95802;tons;File MBL2 SOL.xlsx
Veneto_DTS;2013;8;0.01808;tons;File MBL2 SOL.xlsx
Veneto_DTS;2013;9;21.65369;tons;File MBL2 SOL.xlsx
Veneto_DTS;2013;10;19.46397;tons;File MBL2 SOL.xlsx
Veneto_DTS;2013;11;21.57384;tons;File MBL2 SOL.xlsx
Veneto_DTS;2013;12;15.03789;tons;File MBL2 SOL.xlsx
Veneto_DTS;2014;1;11.90791;tons;File MBL2 SOL.xlsx
Veneto_DTS;2014;2;15.25641;tons;File MBL2 SOL.xlsx
Veneto_DTS;2014;3;11.88203;tons;File MBL2 SOL.xlsx
Veneto_DTS;2014;4;13.46635;tons;File MBL2 SOL.xlsx
Veneto_DTS;2014;5;12.06858;tons;File MBL2 SOL.xlsx
Veneto_DTS;2014;6;7.20315;tons;File MBL2 SOL.xlsx
Veneto_DTS;2014;7;7.01923;tons;File MBL2 SOL.xlsx
Veneto_DTS;2014;8;0.09458;tons;File MBL2 SOL.xlsx
Veneto_DTS;2014;9;13.42217;tons;File MBL2 SOL.xlsx
Veneto_DTS;2014;10;14.72373;tons;File MBL2 SOL.xlsx
Veneto_DTS;2014;11;16.12852;tons;File MBL2 SOL.xlsx
Veneto_DTS;2014;12;15.16302;tons;File MBL2 SOL.xlsx
Veneto_DTS;2015;1;6.73388;tons;File MBL2 SOL.xlsx
Veneto_DTS;2015;2;3.76388;tons;File MBL2 SOL.xlsx
Veneto_DTS;2015;3;4.45172;tons;File MBL2 SOL.xlsx
Veneto_DTS;2015;4;3.14365;tons;File MBL2 SOL.xlsx
Veneto_DTS;2015;5;1.37645;tons;File MBL2 SOL.xlsx
Veneto_DTS;2015;6;2.95447;tons;File MBL2 SOL.xlsx
Veneto_DTS;2015;7;2.41675;tons;File MBL2 SOL.xlsx
Veneto_DTS;2015;8;0.21412;tons;File MBL2 SOL.xlsx
Veneto_DTS;2015;9;2.81052;tons;File MBL2 SOL.xlsx
Veneto_DTS;2015;10;5.41916;tons;File MBL2 SOL.xlsx
Veneto_DTS;2015;11;6.73988;tons;File MBL2 SOL.xlsx
Veneto_DTS;2015;12;7.55202;tons;File MBL2 SOL.xlsx
Veneto_DTS;2016;1;15.88793;tons;File MBL2 SOL.xlsx
Veneto_DTS;2016;2;16.20288;tons;File MBL2 SOL.xlsx
Veneto_DTS;2016;3;17.8267;tons;File MBL2 SOL.xlsx
Veneto_DTS;2016;4;15.9606;tons;File MBL2 SOL.xlsx
Veneto_DTS;2016;5;17.20347;tons;File MBL2 SOL.xlsx
Veneto_DTS;2016;6;15.28819;tons;File MBL2 SOL.xlsx
Veneto_DTS;2016;7;17.82423;tons;File MBL2 SOL.xlsx
Veneto_DTS;2016;8;0.0103;tons;File MBL2 SOL.xlsx
Veneto_DTS;2016;9;14.03622;tons;File MBL2 SOL.xlsx
Veneto_DTS;2016;10;12.94052;tons;File MBL2 SOL.xlsx
Veneto_DTS;2016;11;13.94607;tons;File MBL2 SOL.xlsx
Veneto_DTS;2016;12;14.49724;tons;File MBL2 SOL.xlsx
Veneto_DTS;2017;1;25.78746;tons;File MBL2 SOL.xlsx
Veneto_DTS;2017;2;23.68703;tons;File MBL2 SOL.xlsx
Veneto_DTS;2017;3;32.68988;tons;File MBL2 SOL.xlsx
Veneto_DTS;2017;4;20.77814;tons;File MBL2 SOL.xlsx
Veneto_DTS;2017;5;30.82786;tons;File MBL2 SOL.xlsx
Veneto_DTS;2017;6;37.0593;tons;File MBL2 SOL.xlsx
Veneto_DTS;2017;7;24.5476;tons;File MBL2 SOL.xlsx
Veneto_DTS;2017;9;8.39512;tons;File MBL2 SOL.xlsx
Veneto_DTS;2017;10;15.72762;tons;File MBL2 SOL.xlsx
Veneto_DTS;2017;11;18.51853;tons;File MBL2 SOL.xlsx
Veneto_DTS;2017;12;30.81126;tons;File MBL2 SOL.xlsx
Veneto_DTS;2018;1;21.46069;tons;File MBL2 SOL.xlsx
Veneto_DTS;2018;2;14.61217;tons;File MBL2 SOL.xlsx
Veneto_DTS;2018;3;14.39899;tons;File MBL2 SOL.xlsx
Veneto_DTS;2018;4;19.33205;tons;File MBL2 SOL.xlsx
Veneto_DTS;2018;5;25.24152;tons;File MBL2 SOL.xlsx
Veneto_DTS;2018;6;33.42054;tons;File MBL2 SOL.xlsx
Veneto_DTS;2018;7;17.17679;tons;File MBL2 SOL.xlsx
Veneto_DTS;2018;8;6.88573;tons;File MBL2 SOL.xlsx
Veneto_DTS;2018;9;11.35195;tons;File MBL2 SOL.xlsx
Veneto_DTS;2018;10;12.25039;tons;File MBL2 SOL.xlsx
Veneto_DTS;2018;11;21.06716;tons;File MBL2 SOL.xlsx
Veneto_DTS;2018;12;19.653;tons;File MBL2 SOL.xlsx
Veneto_PGP;2005;1;1.00863;tons;File MBL2 SOL.xlsx
Veneto_PGP;2005;3;1.3884;tons;File MBL2 SOL.xlsx
Veneto_PGP;2005;4;1.52308;tons;File MBL2 SOL.xlsx
Veneto_PGP;2005;5;0.73148;tons;File MBL2 SOL.xlsx
Veneto_PGP;2005;6;4.03363;tons;File MBL2 SOL.xlsx
Veneto_PGP;2005;7;2.86617;tons;File MBL2 SOL.xlsx
Veneto_PGP;2005;8;18.63696;tons;File MBL2 SOL.xlsx
Veneto_PGP;2005;9;5.43716;tons;File MBL2 SOL.xlsx
Veneto_PGP;2005;10;1.58345;tons;File MBL2 SOL.xlsx
Veneto_PGP;2005;11;0.98247;tons;File MBL2 SOL.xlsx
Veneto_PGP;2005;12;1.90821;tons;File MBL2 SOL.xlsx
Veneto_PGP;2006;1;0.07426;tons;File MBL2 SOL.xlsx
Veneto_PGP;2006;2;0.01856;tons;File MBL2 SOL.xlsx
Veneto_PGP;2006;3;0.47895;tons;File MBL2 SOL.xlsx
Veneto_PGP;2006;4;0.60668;tons;File MBL2 SOL.xlsx
Veneto_PGP;2006;5;0.59736;tons;File MBL2 SOL.xlsx
Veneto_PGP;2006;6;4.13354;tons;File MBL2 SOL.xlsx
Veneto_PGP;2006;7;2.65881;tons;File MBL2 SOL.xlsx
Veneto_PGP;2006;8;8.82218;tons;File MBL2 SOL.xlsx
Veneto_PGP;2006;9;7.04434;tons;File MBL2 SOL.xlsx
Veneto_PGP;2006;10;4.87652;tons;File MBL2 SOL.xlsx
Veneto_PGP;2006;11;3.37509;tons;File MBL2 SOL.xlsx
Veneto_PGP;2006;12;1.29833;tons;File MBL2 SOL.xlsx
Veneto_PGP;2007;2;0.10699;tons;File MBL2 SOL.xlsx
Veneto_PGP;2007;3;0.2093;tons;File MBL2 SOL.xlsx
Veneto_PGP;2007;4;0.18442;tons;File MBL2 SOL.xlsx
Veneto_PGP;2007;5;0.59546;tons;File MBL2 SOL.xlsx
Veneto_PGP;2007;6;3.26245;tons;File MBL2 SOL.xlsx
Veneto_PGP;2007;7;3.60915;tons;File MBL2 SOL.xlsx
Veneto_PGP;2007;8;4.47044;tons;File MBL2 SOL.xlsx
Veneto_PGP;2007;9;5.33;tons;File MBL2 SOL.xlsx
Veneto_PGP;2007;10;2.10177;tons;File MBL2 SOL.xlsx
Veneto_PGP;2007;11;1.00248;tons;File MBL2 SOL.xlsx
Veneto_PGP;2008;3;0.07191;tons;File MBL2 SOL.xlsx
Veneto_PGP;2008;4;0.55228;tons;File MBL2 SOL.xlsx
Veneto_PGP;2008;5;0.39432;tons;File MBL2 SOL.xlsx
Veneto_PGP;2008;6;2.08434;tons;File MBL2 SOL.xlsx
Veneto_PGP;2008;7;3.03838;tons;File MBL2 SOL.xlsx
Veneto_PGP;2008;8;3.46206;tons;File MBL2 SOL.xlsx
Veneto_PGP;2008;9;3.20612;tons;File MBL2 SOL.xlsx
Veneto_PGP;2008;10;1.9369;tons;File MBL2 SOL.xlsx
Veneto_PGP;2008;11;0.18637;tons;File MBL2 SOL.xlsx
Veneto_PGP;2009;3;0.01175;tons;File MBL2 SOL.xlsx
Veneto_PGP;2009;4;1.59528;tons;File MBL2 SOL.xlsx
Veneto_PGP;2009;5;3.22408;tons;File MBL2 SOL.xlsx
Veneto_PGP;2009;6;4.29577;tons;File MBL2 SOL.xlsx
Veneto_PGP;2009;7;7.90837;tons;File MBL2 SOL.xlsx
Veneto_PGP;2009;8;6.64668;tons;File MBL2 SOL.xlsx
Veneto_PGP;2009;9;4.80121;tons;File MBL2 SOL.xlsx
Veneto_PGP;2009;10;3.46852;tons;File MBL2 SOL.xlsx
Veneto_PGP;2009;11;5.033;tons;File MBL2 SOL.xlsx
Veneto_PGP;2009;12;0.99284;tons;File MBL2 SOL.xlsx
Veneto_PGP;2010;3;0.41875;tons;File MBL2 SOL.xlsx
Veneto_PGP;2010;4;0.62384;tons;File MBL2 SOL.xlsx
Veneto_PGP;2010;5;1.97577;tons;File MBL2 SOL.xlsx
Veneto_PGP;2010;6;2.62861;tons;File MBL2 SOL.xlsx
Veneto_PGP;2010;7;5.02545;tons;File MBL2 SOL.xlsx
Veneto_PGP;2010;8;10.39152;tons;File MBL2 SOL.xlsx
Veneto_PGP;2010;9;16.1803;tons;File MBL2 SOL.xlsx
Veneto_PGP;2010;10;9.29274;tons;File MBL2 SOL.xlsx
Veneto_PGP;2010;11;20.20037;tons;File MBL2 SOL.xlsx
Veneto_PGP;2010;12;3.53678;tons;File MBL2 SOL.xlsx
Veneto_PGP;2011;1;0.09531;tons;File MBL2 SOL.xlsx
Veneto_PGP;2011;2;0.02067;tons;File MBL2 SOL.xlsx
Veneto_PGP;2011;3;0.0578;tons;File MBL2 SOL.xlsx
Veneto_PGP;2011;4;1.07004;tons;File MBL2 SOL.xlsx
Veneto_PGP;2011;5;5.97862;tons;File MBL2 SOL.xlsx
Veneto_PGP;2011;6;5.34309;tons;File MBL2 SOL.xlsx
Veneto_PGP;2011;7;4.39173;tons;File MBL2 SOL.xlsx
Veneto_PGP;2011;8;6.30822;tons;File MBL2 SOL.xlsx
Veneto_PGP;2011;9;9.30064;tons;File MBL2 SOL.xlsx
Veneto_PGP;2011;10;11.3765;tons;File MBL2 SOL.xlsx
Veneto_PGP;2011;11;9.90386;tons;File MBL2 SOL.xlsx
Veneto_PGP;2011;12;1.37227;tons;File MBL2 SOL.xlsx
Veneto_PGP;2012;1;0.10023;tons;File MBL2 SOL.xlsx
Veneto_PGP;2012;2;0.03498;tons;File MBL2 SOL.xlsx
Veneto_PGP;2012;3;0.37051;tons;File MBL2 SOL.xlsx
Veneto_PGP;2012;4;1.38031;tons;File MBL2 SOL.xlsx
Veneto_PGP;2012;5;2.65804;tons;File MBL2 SOL.xlsx
Veneto_PGP;2012;6;2.62493;tons;File MBL2 SOL.xlsx
Veneto_PGP;2012;7;10.57127;tons;File MBL2 SOL.xlsx
Veneto_PGP;2012;8;13.80414;tons;File MBL2 SOL.xlsx
Veneto_PGP;2012;9;3.13421;tons;File MBL2 SOL.xlsx
Veneto_PGP;2012;10;4.7329;tons;File MBL2 SOL.xlsx
Veneto_PGP;2012;11;3.59747;tons;File MBL2 SOL.xlsx
Veneto_PGP;2012;12;2.33867;tons;File MBL2 SOL.xlsx
Veneto_PGP;2013;1;0.70996;tons;File MBL2 SOL.xlsx
Veneto_PGP;2013;2;0.50706;tons;File MBL2 SOL.xlsx
Veneto_PGP;2013;4;0.16512;tons;File MBL2 SOL.xlsx
Veneto_PGP;2013;5;0.41406;tons;File MBL2 SOL.xlsx
Veneto_PGP;2013;6;0.9032;tons;File MBL2 SOL.xlsx
Veneto_PGP;2013;7;7.45434;tons;File MBL2 SOL.xlsx
Veneto_PGP;2013;8;8.0269;tons;File MBL2 SOL.xlsx
Veneto_PGP;2013;9;1.6529;tons;File MBL2 SOL.xlsx
Veneto_PGP;2013;10;2.59833;tons;File MBL2 SOL.xlsx
Veneto_PGP;2013;11;1.2669;tons;File MBL2 SOL.xlsx
Veneto_PGP;2013;12;0.6297;tons;File MBL2 SOL.xlsx
Veneto_PGP;2014;1;0.58505;tons;File MBL2 SOL.xlsx
Veneto_PGP;2014;2;0.62529;tons;File MBL2 SOL.xlsx
Veneto_PGP;2014;3;0.85262;tons;File MBL2 SOL.xlsx
Veneto_PGP;2014;4;0.83596;tons;File MBL2 SOL.xlsx
Veneto_PGP;2014;5;1.41074;tons;File MBL2 SOL.xlsx
Veneto_PGP;2014;6;2.66837;tons;File MBL2 SOL.xlsx
Veneto_PGP;2014;7;7.23651;tons;File MBL2 SOL.xlsx
Veneto_PGP;2014;8;30.98415;tons;File MBL2 SOL.xlsx
Veneto_PGP;2014;9;18.56376;tons;File MBL2 SOL.xlsx
Veneto_PGP;2014;10;11.53533;tons;File MBL2 SOL.xlsx
Veneto_PGP;2014;11;4.44007;tons;File MBL2 SOL.xlsx
Veneto_PGP;2014;12;4.37221;tons;File MBL2 SOL.xlsx
Veneto_PGP;2015;1;2.58865;tons;File MBL2 SOL.xlsx
Veneto_PGP;2015;2;2.38535;tons;File MBL2 SOL.xlsx
Veneto_PGP;2015;4;0.37469;tons;File MBL2 SOL.xlsx
Veneto_PGP;2015;5;1.42135;tons;File MBL2 SOL.xlsx
Veneto_PGP;2015;6;5.07673;tons;File MBL2 SOL.xlsx
Veneto_PGP;2015;7;21.28333;tons;File MBL2 SOL.xlsx
Veneto_PGP;2015;8;15.85825;tons;File MBL2 SOL.xlsx
Veneto_PGP;2015;9;7.24137;tons;File MBL2 SOL.xlsx
Veneto_PGP;2015;10;1.17454;tons;File MBL2 SOL.xlsx
Veneto_PGP;2015;11;1.66774;tons;File MBL2 SOL.xlsx
Veneto_PGP;2015;12;0.24768;tons;File MBL2 SOL.xlsx
Veneto_PGP;2016;1;0.01438;tons;File MBL2 SOL.xlsx
Veneto_PGP;2016;2;0.06853;tons;File MBL2 SOL.xlsx
Veneto_PGP;2016;3;0.04314;tons;File MBL2 SOL.xlsx
Veneto_PGP;2016;5;0.6882;tons;File MBL2 SOL.xlsx
Veneto_PGP;2016;6;1.59509;tons;File MBL2 SOL.xlsx
Veneto_PGP;2016;7;6.2001;tons;File MBL2 SOL.xlsx
Veneto_PGP;2016;8;10.64502;tons;File MBL2 SOL.xlsx
Veneto_PGP;2016;9;1.21726;tons;File MBL2 SOL.xlsx
Veneto_PGP;2016;10;3.61392;tons;File MBL2 SOL.xlsx
Veneto_PGP;2016;11;1.25791;tons;File MBL2 SOL.xlsx
Veneto_PGP;2016;12;0.09626;tons;File MBL2 SOL.xlsx
Veneto_PGP;2017;1;0.14371;tons;File MBL2 SOL.xlsx
Veneto_PGP;2017;2;0.10665;tons;File MBL2 SOL.xlsx
Veneto_PGP;2017;3;0.90933;tons;File MBL2 SOL.xlsx
Veneto_PGP;2017;4;1.44583;tons;File MBL2 SOL.xlsx
Veneto_PGP;2017;5;9.23932;tons;File MBL2 SOL.xlsx
Veneto_PGP;2017;6;18.59416;tons;File MBL2 SOL.xlsx
Veneto_PGP;2017;7;18.0912;tons;File MBL2 SOL.xlsx
Veneto_PGP;2017;8;1.95283;tons;File MBL2 SOL.xlsx
Veneto_PGP;2017;9;8.56838;tons;File MBL2 SOL.xlsx
Veneto_PGP;2017;10;9.25478;tons;File MBL2 SOL.xlsx
Veneto_PGP;2017;11;10.76084;tons;File MBL2 SOL.xlsx
Veneto_PGP;2017;12;9.34762;tons;File MBL2 SOL.xlsx
Veneto_PGP;2018;1;0.28483;tons;File MBL2 SOL.xlsx
Veneto_PGP;2018;3;0.029;tons;File MBL2 SOL.xlsx
Veneto_PGP;2018;4;0.44222;tons;File MBL2 SOL.xlsx
Veneto_PGP;2018;5;0.17304;tons;File MBL2 SOL.xlsx
Veneto_PGP;2018;6;0.7204;tons;File MBL2 SOL.xlsx
Veneto_PGP;2018;7;0.15984;tons;File MBL2 SOL.xlsx
Veneto_PGP;2018;8;4.16229;tons;File MBL2 SOL.xlsx
Veneto_PGP;2018;9;0.27813;tons;File MBL2 SOL.xlsx
Veneto_PGP;2018;10;2.31416;tons;File MBL2 SOL.xlsx
Veneto_PGP;2018;11;2.83964;tons;File MBL2 SOL.xlsx
Veneto_PGP;2018;12;4.07114;tons;File MBL2 SOL.xlsx
Veneto_TBB;2005;1;13.82524;tons;File MBL2 SOL.xlsx
Veneto_TBB;2005;2;11.9754;tons;File MBL2 SOL.xlsx
Veneto_TBB;2005;3;23.23029;tons;File MBL2 SOL.xlsx
Veneto_TBB;2005;4;13.61421;tons;File MBL2 SOL.xlsx
Veneto_TBB;2005;5;16.66609;tons;File MBL2 SOL.xlsx
Veneto_TBB;2005;6;9.25255;tons;File MBL2 SOL.xlsx
Veneto_TBB;2005;7;11.64498;tons;File MBL2 SOL.xlsx
Veneto_TBB;2005;9;26.86175;tons;File MBL2 SOL.xlsx
Veneto_TBB;2005;10;20.5694;tons;File MBL2 SOL.xlsx
Veneto_TBB;2005;11;23.54322;tons;File MBL2 SOL.xlsx
Veneto_TBB;2005;12;33.22672;tons;File MBL2 SOL.xlsx
Veneto_TBB;2006;1;11.15786;tons;File MBL2 SOL.xlsx
Veneto_TBB;2006;2;15.25003;tons;File MBL2 SOL.xlsx
Veneto_TBB;2006;3;20.55136;tons;File MBL2 SOL.xlsx
Veneto_TBB;2006;4;17.50996;tons;File MBL2 SOL.xlsx
Veneto_TBB;2006;5;22.8534;tons;File MBL2 SOL.xlsx
Veneto_TBB;2006;6;21.16593;tons;File MBL2 SOL.xlsx
Veneto_TBB;2006;7;22.15429;tons;File MBL2 SOL.xlsx
Veneto_TBB;2006;8;6.02675;tons;File MBL2 SOL.xlsx
Veneto_TBB;2006;9;21.6595;tons;File MBL2 SOL.xlsx
Veneto_TBB;2006;10;31.53983;tons;File MBL2 SOL.xlsx
Veneto_TBB;2006;11;36.49932;tons;File MBL2 SOL.xlsx
Veneto_TBB;2006;12;33.48941;tons;File MBL2 SOL.xlsx
Veneto_TBB;2007;1;55.06156;tons;File MBL2 SOL.xlsx
Veneto_TBB;2007;2;40.21225;tons;File MBL2 SOL.xlsx
Veneto_TBB;2007;3;29.03828;tons;File MBL2 SOL.xlsx
Veneto_TBB;2007;4;35.64212;tons;File MBL2 SOL.xlsx
Veneto_TBB;2007;5;32.83059;tons;File MBL2 SOL.xlsx
Veneto_TBB;2007;6;25.3047;tons;File MBL2 SOL.xlsx
Veneto_TBB;2007;7;24.60423;tons;File MBL2 SOL.xlsx
Veneto_TBB;2007;8;5.4336;tons;File MBL2 SOL.xlsx
Veneto_TBB;2007;9;24.92895;tons;File MBL2 SOL.xlsx
Veneto_TBB;2007;10;34.92813;tons;File MBL2 SOL.xlsx
Veneto_TBB;2007;11;33.77393;tons;File MBL2 SOL.xlsx
Veneto_TBB;2007;12;29.21647;tons;File MBL2 SOL.xlsx
Veneto_TBB;2008;1;54.34057;tons;File MBL2 SOL.xlsx
Veneto_TBB;2008;2;27.71953;tons;File MBL2 SOL.xlsx
Veneto_TBB;2008;3;25.65141;tons;File MBL2 SOL.xlsx
Veneto_TBB;2008;4;25.54364;tons;File MBL2 SOL.xlsx
Veneto_TBB;2008;5;33.88536;tons;File MBL2 SOL.xlsx
Veneto_TBB;2008;6;13.67386;tons;File MBL2 SOL.xlsx
Veneto_TBB;2008;7;31.72898;tons;File MBL2 SOL.xlsx
Veneto_TBB;2008;9;35.35901;tons;File MBL2 SOL.xlsx
Veneto_TBB;2008;10;34.08041;tons;File MBL2 SOL.xlsx
Veneto_TBB;2008;11;30.72863;tons;File MBL2 SOL.xlsx
Veneto_TBB;2008;12;26.69011;tons;File MBL2 SOL.xlsx
Veneto_TBB;2009;1;26.23646;tons;File MBL2 SOL.xlsx
Veneto_TBB;2009;2;36.62199;tons;File MBL2 SOL.xlsx
Veneto_TBB;2009;3;33.29909;tons;File MBL2 SOL.xlsx
Veneto_TBB;2009;4;21.2983;tons;File MBL2 SOL.xlsx
Veneto_TBB;2009;5;28.45632;tons;File MBL2 SOL.xlsx
Veneto_TBB;2009;6;30.39209;tons;File MBL2 SOL.xlsx
Veneto_TBB;2009;7;59.74268;tons;File MBL2 SOL.xlsx
Veneto_TBB;2009;8;1.73391;tons;File MBL2 SOL.xlsx
Veneto_TBB;2009;9;28.37455;tons;File MBL2 SOL.xlsx
Veneto_TBB;2009;10;23.20083;tons;File MBL2 SOL.xlsx
Veneto_TBB;2009;11;24.94735;tons;File MBL2 SOL.xlsx
Veneto_TBB;2009;12;27.20084;tons;File MBL2 SOL.xlsx
Veneto_TBB;2010;1;21.29911;tons;File MBL2 SOL.xlsx
Veneto_TBB;2010;2;20.91668;tons;File MBL2 SOL.xlsx
Veneto_TBB;2010;3;20.74411;tons;File MBL2 SOL.xlsx
Veneto_TBB;2010;4;19.27113;tons;File MBL2 SOL.xlsx
Veneto_TBB;2010;5;18.83583;tons;File MBL2 SOL.xlsx
Veneto_TBB;2010;6;19.2889;tons;File MBL2 SOL.xlsx
Veneto_TBB;2010;7;30.50449;tons;File MBL2 SOL.xlsx
Veneto_TBB;2010;9;51.93255;tons;File MBL2 SOL.xlsx
Veneto_TBB;2010;10;48.4651;tons;File MBL2 SOL.xlsx
Veneto_TBB;2010;11;55.3508;tons;File MBL2 SOL.xlsx
Veneto_TBB;2010;12;45.15189;tons;File MBL2 SOL.xlsx
Veneto_TBB;2011;1;31.91882;tons;File MBL2 SOL.xlsx
Veneto_TBB;2011;2;32.92446;tons;File MBL2 SOL.xlsx
Veneto_TBB;2011;3;31.00426;tons;File MBL2 SOL.xlsx
Veneto_TBB;2011;4;24.60406;tons;File MBL2 SOL.xlsx
Veneto_TBB;2011;5;20.14879;tons;File MBL2 SOL.xlsx
Veneto_TBB;2011;6;19.6001;tons;File MBL2 SOL.xlsx
Veneto_TBB;2011;7;21.04078;tons;File MBL2 SOL.xlsx
Veneto_TBB;2011;10;51.40995;tons;File MBL2 SOL.xlsx
Veneto_TBB;2011;11;24.11839;tons;File MBL2 SOL.xlsx
Veneto_TBB;2011;12;36.51298;tons;File MBL2 SOL.xlsx
Veneto_TBB;2012;1;18.53105;tons;File MBL2 SOL.xlsx
Veneto_TBB;2012;2;18.91651;tons;File MBL2 SOL.xlsx
Veneto_TBB;2012;3;25.46501;tons;File MBL2 SOL.xlsx
Veneto_TBB;2012;4;22.24495;tons;File MBL2 SOL.xlsx
Veneto_TBB;2012;5;23.56794;tons;File MBL2 SOL.xlsx
Veneto_TBB;2012;6;21.63834;tons;File MBL2 SOL.xlsx
Veneto_TBB;2012;7;13.2;tons;File MBL2 SOL.xlsx
Veneto_TBB;2012;8;9.13224;tons;File MBL2 SOL.xlsx
Veneto_TBB;2012;9;51.82154;tons;File MBL2 SOL.xlsx
Veneto_TBB;2012;10;50.94578;tons;File MBL2 SOL.xlsx
Veneto_TBB;2012;11;51.24214;tons;File MBL2 SOL.xlsx
Veneto_TBB;2012;12;45.73736;tons;File MBL2 SOL.xlsx
Veneto_TBB;2013;1;44.21246;tons;File MBL2 SOL.xlsx
Veneto_TBB;2013;2;35.44854;tons;File MBL2 SOL.xlsx
Veneto_TBB;2013;3;33.80534;tons;File MBL2 SOL.xlsx
Veneto_TBB;2013;4;32.55858;tons;File MBL2 SOL.xlsx
Veneto_TBB;2013;5;33.66346;tons;File MBL2 SOL.xlsx
Veneto_TBB;2013;6;30.18312;tons;File MBL2 SOL.xlsx
Veneto_TBB;2013;7;18.92697;tons;File MBL2 SOL.xlsx
Veneto_TBB;2013;9;37.10781;tons;File MBL2 SOL.xlsx
Veneto_TBB;2013;10;29.3326;tons;File MBL2 SOL.xlsx
Veneto_TBB;2013;11;32.73677;tons;File MBL2 SOL.xlsx
Veneto_TBB;2013;12;24.66768;tons;File MBL2 SOL.xlsx
Veneto_TBB;2014;1;21.1352;tons;File MBL2 SOL.xlsx
Veneto_TBB;2014;2;23.49527;tons;File MBL2 SOL.xlsx
Veneto_TBB;2014;3;20.00828;tons;File MBL2 SOL.xlsx
Veneto_TBB;2014;4;24.22879;tons;File MBL2 SOL.xlsx
Veneto_TBB;2014;5;32.49424;tons;File MBL2 SOL.xlsx
Veneto_TBB;2014;6;24.46224;tons;File MBL2 SOL.xlsx
Veneto_TBB;2014;7;22.98817;tons;File MBL2 SOL.xlsx
Veneto_TBB;2014;9;28.82952;tons;File MBL2 SOL.xlsx
Veneto_TBB;2014;10;39.5477;tons;File MBL2 SOL.xlsx
Veneto_TBB;2014;11;41.19055;tons;File MBL2 SOL.xlsx
Veneto_TBB;2014;12;52.75781;tons;File MBL2 SOL.xlsx
Veneto_TBB;2015;1;87.03745;tons;File MBL2 SOL.xlsx
Veneto_TBB;2015;2;63.46682;tons;File MBL2 SOL.xlsx
Veneto_TBB;2015;3;69.30978;tons;File MBL2 SOL.xlsx
Veneto_TBB;2015;4;73.97413;tons;File MBL2 SOL.xlsx
Veneto_TBB;2015;5;79.20937;tons;File MBL2 SOL.xlsx
Veneto_TBB;2015;6;61.65591;tons;File MBL2 SOL.xlsx
Veneto_TBB;2015;7;47.98864;tons;File MBL2 SOL.xlsx
Veneto_TBB;2015;9;52.55224;tons;File MBL2 SOL.xlsx
Veneto_TBB;2015;10;55.86781;tons;File MBL2 SOL.xlsx
Veneto_TBB;2015;11;71.08331;tons;File MBL2 SOL.xlsx
Veneto_TBB;2015;12;61.76126;tons;File MBL2 SOL.xlsx
Veneto_TBB;2016;1;59.0326;tons;File MBL2 SOL.xlsx
Veneto_TBB;2016;2;52.93817;tons;File MBL2 SOL.xlsx
Veneto_TBB;2016;3;52.04465;tons;File MBL2 SOL.xlsx
Veneto_TBB;2016;4;44.91443;tons;File MBL2 SOL.xlsx
Veneto_TBB;2016;5;35.69092;tons;File MBL2 SOL.xlsx
Veneto_TBB;2016;6;41.00127;tons;File MBL2 SOL.xlsx
Veneto_TBB;2016;7;30.95669;tons;File MBL2 SOL.xlsx
Veneto_TBB;2016;9;65.0832;tons;File MBL2 SOL.xlsx
Veneto_TBB;2016;10;65.43759;tons;File MBL2 SOL.xlsx
Veneto_TBB;2016;11;69.10022;tons;File MBL2 SOL.xlsx
Veneto_TBB;2016;12;63.91749;tons;File MBL2 SOL.xlsx
Veneto_TBB;2017;1;63.99327;tons;File MBL2 SOL.xlsx
Veneto_TBB;2017;2;64.4803;tons;File MBL2 SOL.xlsx
Veneto_TBB;2017;3;92.09614;tons;File MBL2 SOL.xlsx
Veneto_TBB;2017;4;40.86728;tons;File MBL2 SOL.xlsx
Veneto_TBB;2017;5;49.70388;tons;File MBL2 SOL.xlsx
Veneto_TBB;2017;6;38.83321;tons;File MBL2 SOL.xlsx
Veneto_TBB;2017;7;33.60091;tons;File MBL2 SOL.xlsx
Veneto_TBB;2017;9;43.76351;tons;File MBL2 SOL.xlsx
Veneto_TBB;2017;10;54.13463;tons;File MBL2 SOL.xlsx
Veneto_TBB;2017;11;50.69429;tons;File MBL2 SOL.xlsx
Veneto_TBB;2017;12;65.50342;tons;File MBL2 SOL.xlsx
Veneto_TBB;2018;1;44.71645;tons;File MBL2 SOL.xlsx
Veneto_TBB;2018;2;48.95042;tons;File MBL2 SOL.xlsx
Veneto_TBB;2018;3;51.81522;tons;File MBL2 SOL.xlsx
Veneto_TBB;2018;4;53.44707;tons;File MBL2 SOL.xlsx
Veneto_TBB;2018;5;37.40257;tons;File MBL2 SOL.xlsx
Veneto_TBB;2018;6;32.39632;tons;File MBL2 SOL.xlsx
Veneto_TBB;2018;7;35.00634;tons;File MBL2 SOL.xlsx
Veneto_TBB;2018;9;29.24371;tons;File MBL2 SOL.xlsx
Veneto_TBB;2018;10;36.41721;tons;File MBL2 SOL.xlsx
Veneto_TBB;2018;11;67.28451;tons;File MBL2 SOL.xlsx
Veneto_TBB;2018;12;70.91528;tons;File MBL2 SOL.xlsx
Veneto_TM;2005;2;0.09143;tons;File MBL2 SOL.xlsx
Veneto_TM;2015;1;0.12429;tons;File MBL2 SOL.xlsx
Veneto_TM;2015;2;0.16444;tons;File MBL2 SOL.xlsx
Veneto_TM;2015;3;0.02979;tons;File MBL2 SOL.xlsx
Veneto_TM;2015;11;0.03885;tons;File MBL2 SOL.xlsx
Veneto_TM;2015;12;0.10617;tons;File MBL2 SOL.xlsx
Veneto_TM;2016;10;3.71656;tons;File MBL2 SOL.xlsx
Veneto_TM;2016;11;11.47968;tons;File MBL2 SOL.xlsx
Veneto_TM;2016;12;5.02112;tons;File MBL2 SOL.xlsx
Veneto_TM;2017;12;8.414;tons;File MBL2 SOL.xlsx
Veneto_TM;2018;12;1.90189;tons;File MBL2 SOL.xlsx
